time,initial_leaf_ratio,potential_leaf_area_increase (cm²),shoot_carbon (g d⁻¹),root_carbon (g d⁻¹),leaf_carbon (g d⁻¹),stem_carbon (g d⁻¹),nonstructural_carbon_mass (g),agefn,initial_seed_mass (g),seed_mass_export_limit (% d⁻¹),seed_mass_export_rate (g d⁻¹),seed_mass (g),initial_leaf_mass (g),active_leaf_mass (g),dropped_leaf_mass (g),total_leaf_mass (g),root_mass (g),leaf_mass (g),stem_mass (g),shoot_mass (g),total_mass (g),living_root_mass (g),living_leaf_mass (g),living_stem_mass (g),living_shoot_mass (g),living_total_mass (g),potential_carbon_demand (g),PD (m⁻²),leaf_area (cm²),green_leaf_area (cm²),green_leaf_ratio,LAI,actual_green_leaf_area (cm²),senescent_leaf_area (cm²),potential_leaf_area (cm²),dropped_leaf_area (cm²),leaves_initiated,leaves_appeared,leaves_growing,leaves_mature,leaves_dropped,leaves_fresh,primordia,shoot_to_root_ratio,root_to_shoot_ratio,leaf_to_stem_ratio,stem_to_leaf_ratio,C_to_CH2O_ratio,assimilation (g d⁻¹),dp,C_conc,carbon_reserve_from_seed (g d⁻¹),carbon_reserve (g),carbon_translocation (g d⁻¹),carbon_pool (g),nonstructural_carbon (g),carbon_supply (g d⁻¹),carbon_temperature_effect,carbon_growth_factor (hr⁻¹),carbon_translocating,carbon_translocation_rate (hr⁻¹),carbon_supply_rate (hr⁻¹),Rm (d⁻¹),maintenance_respiration (g d⁻¹),carbon_available (g d⁻¹),Yg,total_carbon (g d⁻¹),water_supply (g hr⁻¹),CO2_weight (g mol⁻¹),C_weight (g mol⁻¹),CH2O_weight (g mol⁻¹),H2O_weight (g mol⁻¹),CH2O_to_C_ratio,PD0 (m⁻²),CDSF (K⁻¹),CDCT (°C),enable_cold_damage,CDM (d⁻¹),CDS,leaf_width (cm),LWP (MPa),evapotranspiration_supply (mol m⁻² s⁻¹),LAI_sunlit,LAI_shaded,Q_sun (μmol m⁻² s⁻¹),Q_sh (μmol m⁻² s⁻¹),A_gross (μmol m⁻² s⁻¹),A_net (μmol m⁻² s⁻¹),ET (mmol m⁻² s⁻¹),gross_assimilation (g d⁻¹),net_assimilation (g d⁻¹),transpiration (g d⁻¹),vapor_pressure_deficit (kPa),conductance (mol bar⁻¹ m⁻² s⁻¹),SLA (cm² g⁻¹),LMA (g cm⁻²),DAP (d),date
2021-10-13T12:00:00.000+08:00,0.126,0.0,0.0,0.0,0.0,0.0,0.01450702474143017,0.0,0.275,10.0,0.016207963369537965,0.2604929752585699,0.03465,0.0,0.0,0.0,0.0,0.0,0.0,0.2604929752585699,0.2604929752585699,0.0,0.0,0.0,0.2604929752585699,0.2604929752585699,0.0,54.99999999999866,0.0,0.0,0.0,0.0,0.0,0.0,0.0,0.0,4,0,0,0,0,0,5,0.7,0.30000000000000004,0.9,0.09999999999999998,2.500353851149392,0.0,seed,0.45,0.01823653963364064,0.016322712831429498,0.0,0.0,0.016322712831429498,0.0,0.6222034722222223,0.2,false,0.0,0.12444069444444446,0.039,0.0,0.0,0.7,0.0,0.0,44.0098,12.0107,30.031,18.01528,0.3999433918284439,55.0,0.9,-15.0,true,1.331347120148354e-14,0.9999999999999756,1.5,0.0,0.0,0.0,0.0,12.836624119397962,0.0,0.0,0.0,0.0,0.0,0.0,0.0,0.588596628442323,0.0,NaN,NaN,1,2021-10-13
2021-10-14T12:00:00.000+08:00,0.126,0.0,0.0,0.0,0.0,0.0,0.03064228042102741,0.0,0.275,10.0,0.015226904433827616,0.24435771957897254,0.03465,0.0,0.0,0.0,0.0,0.0,0.0,0.24435771957897254,0.24435771957897254,0.0,0.0,0.0,0.24435771957897254,0.24435771957897254,0.0,54.99999999999,0.0,0.0,0.0,0.0,0.0,0.0,0.0,0.0,4,0,0,0,0,0,5,0.7,0.30000000000000004,0.9,0.09999999999999998,2.500353851149392,0.0,seed,0.45,0.017132692113992085,0.034477444736421975,0.0,0.0,0.034477444736421975,0.0,0.6231398975266064,0.2,false,0.0,0.12462797950532128,0.039,0.0,0.0,0.7,0.0,0.0,44.0098,12.0107,30.031,18.01528,0.3999433918284439,55.0,0.9,-15.0,true,1.3125099572310626e-14,0.9999999999998183,1.5,0.0,0.0,0.0,0.0,13.330630044198918,0.0,0.0,0.0,0.0,0.0,0.0,0.0,0.6070218162565238,0.0,NaN,NaN,2,2021-10-14
2021-10-15T12:00:00.000+08:00,0.126,0.0,0.0,0.0,0.0,0.0,0.04574239632375315,0.0,0.275,10.0,0.014156656570020923,0.22925760367624684,0.03465,0.0,0.0,0.0,0.0,0.0,0.0,0.22925760367624684,0.22925760367624684,0.0,0.0,0.0,0.22925760367624684,0.22925760367624684,0.0,54.9999999999821,0.0,0.0,0.0,0.0,0.0,0.0,0.0,0.0,5,0,0,0,0,0,5,0.7,0.30000000000000004,0.9,0.09999999999999998,2.500353851149392,0.0,seed,0.45,0.01592849284841302,0.05146747956400409,0.0,0.0,0.05146747956400409,0.0,0.6174999800666451,0.2,false,0.0,0.12349999601332902,0.039,0.0,0.0,0.7,0.0,0.0,44.0098,12.0107,30.031,18.01528,0.3999433918284439,55.0,0.9,-15.0,true,1.4300956096281532e-14,0.9999999999996746,1.5,0.0,0.0,0.0,0.0,12.932591166880028,0.0,0.0,0.0,0.0,0.0,0.0,0.0,0.5823589601184288,0.0,NaN,NaN,3,2021-10-15
2021-10-16T12:00:00.000+08:00,0.126,0.0,0.0,0.0,0.0,0.0,0.060068104541745736,0.0,0.275,10.0,0.0137571468400161,0.21493189545825425,0.03465,0.0,0.0,0.0,0.0,0.0,0.0,0.21493189545825425,0.21493189545825425,0.0,0.0,0.0,0.21493189545825425,0.21493189545825425,0.0,54.99999999997336,0.0,0.0,0.0,0.0,0.0,0.0,0.0,0.0,5,0,0,0,0,0,5,0.7,0.30000000000000004,0.9,0.09999999999999998,2.500353851149392,0.0,seed,0.45,0.015478980787017876,0.0675861824349892,0.0,0.0,0.0675861824349892,0.0,0.6400700468715738,0.2,false,0.0,0.12801400937431476,0.039,0.0,0.0,0.7,0.0,0.0,44.0098,12.0107,30.031,18.01528,0.3999433918284439,55.0,0.9,-15.0,true,1.0140389350495943e-14,0.9999999999995157,1.5,0.0,0.0,0.0,0.0,11.820270715507586,0.0,0.0,0.0,0.0,0.0,0.0,0.0,0.6341654233290837,0.0,NaN,NaN,4,2021-10-16
2021-10-17T12:00:00.000+08:00,0.126,0.0,0.0,0.0,0.0,0.0,0.07486330929004563,0.0,0.275,10.0,0.017279066064847613,0.20013669070995432,0.03465,0.0,0.0,0.0,0.0,0.0,0.0,0.20013669070995432,0.20013669070995432,0.0,0.0,0.0,0.20013669070995432,0.20013669070995432,0.0,54.999999999970775,0.0,0.0,0.0,0.0,0.0,0.0,0.0,0.0,6,0,0,0,0,0,5,0.7,0.30000000000000004,0.9,0.09999999999999998,2.500353851149392,0.0,seed,0.45,0.019441700720777923,0.08423314366191914,0.0,0.0,0.08423314366191914,0.0,0.863363234574968,0.2,false,0.0,0.17267264691499362,0.039,0.0,0.0,0.7,0.0,0.0,44.0098,12.0107,30.031,18.01528,0.3999433918284439,55.0,0.9,-15.0,true,2.5396759341354067e-16,0.9999999999994686,1.5,0.0,0.0,0.0,0.0,191.08723972678223,0.0,0.0,0.0,0.0,0.0,0.0,0.0,0.7807656353836546,0.0,NaN,NaN,5,2021-10-17
2021-10-18T12:00:00.000+08:00,0.126,0.0,0.0,0.0,0.0,0.0,0.08915016071100411,0.0,0.275,10.0,0.018066201659989622,0.18584983928899587,0.03465,0.0,0.0,0.0,0.0,0.0,0.0,0.18584983928899587,0.18584983928899587,0.0,0.0,0.0,0.18584983928899587,0.18584983928899587,0.0,54.999999999970555,0.0,0.0,0.0,0.0,0.0,0.0,0.0,0.0,7,0,0,0,0,0,5,0.7,0.30000000000000004,0.9,0.09999999999999998,2.500353851149392,0.0,seed,0.45,0.020327353603288464,0.10030812644895586,0.0,0.0,0.10030812644895586,0.0,0.9720859447124267,0.2,false,0.0,0.19441718894248536,0.039,0.0,0.0,0.7,0.0,0.0,44.0098,12.0107,30.031,18.01528,0.3999433918284439,55.0,0.9,-15.0,true,1.781750986196998e-17,0.9999999999994647,1.5,0.0,0.0,0.0,0.0,341.67244282131406,0.0,0.0,0.0,0.0,0.0,0.0,0.0,1.178823719873398,0.0,NaN,NaN,6,2021-10-18
2021-10-19T12:00:00.000+08:00,0.126,0.0,0.0,0.0,0.0,0.0,0.10265794079762454,0.0,0.275,10.0,0.016811115103809927,0.17234205920237547,0.03465,0.0,0.0,0.0,0.0,0.0,0.0,0.17234205920237547,0.17234205920237547,0.0,0.0,0.0,0.17234205920237547,0.17234205920237547,0.0,54.99999999997034,0.0,0.0,0.0,0.0,0.0,0.0,0.0,0.0,7,0,0,0,0,0,5,0.7,0.30000000000000004,0.9,0.09999999999999998,2.500353851149392,0.0,seed,0.45,0.01891518137636709,0.11550652993098307,0.0,0.0,0.11550652993098307,0.0,0.9754505186728215,0.2,false,0.0,0.1950901037345643,0.039,0.0,0.0,0.7,0.0,0.0,44.0098,12.0107,30.031,18.01528,0.3999433918284439,55.0,0.9,-15.0,true,1.5705825176546778e-17,0.9999999999994608,1.5,0.0,0.0,0.0,0.0,253.1590118817642,0.0,0.0,0.0,0.0,0.0,0.0,0.0,1.0719926666019939,0.0,NaN,NaN,7,2021-10-19
2021-10-20T12:00:00.000+08:00,0.126,0.0,0.0,0.0,0.0,0.0,0.115689696151825,0.0,0.275,10.0,0.015928076166439552,0.15931030384817496,0.03465,0.0,0.0,0.0,0.0,0.0,0.0,0.15931030384817496,0.15931030384817496,0.0,0.0,0.0,0.15931030384817496,0.15931030384817496,0.0,54.99999999997018,0.0,0.0,0.0,0.0,0.0,0.0,227.14900882715264,227.14900882715264,8,0,0,0,0,0,5,0.7,0.30000000000000004,0.9,0.09999999999999998,2.500353851149392,0.0,vegetative,0.45,0.01792162196287109,0.1301693297901834,0.0,0.0,0.1301693297901834,0.0,0.9998145620021692,0.2,false,0.0,0.19996291240043385,0.039,0.0,0.0,0.7,0.0,0.0,44.0098,12.0107,30.031,18.01528,0.3999433918284439,55.0,0.9,-15.0,true,2.2188336476778976e-18,0.9999999999994578,1.5,0.0,0.0,0.0,0.0,350.5723674026064,0.0,0.0,0.0,0.0,0.0,0.0,0.0,1.1533333442141547,0.0,NaN,NaN,8,2021-10-20
2021-10-21T12:00:00.000+08:00,0.126,0.0,0.0,0.0,0.0,0.0,0.12793749521765943,0.0,0.275,10.0,0.011423262784911499,0.1470625047823405,0.03465,0.0,0.0,0.0,0.0,0.0,0.0,0.1470625047823405,0.1470625047823405,0.0,0.0,0.0,0.1470625047823405,0.1470625047823405,0.0,54.999999999970086,0.0,0.0,0.0,0.0,0.0,0.0,227.14900882715264,227.14900882715264,8,0,0,0,0,0,5,0.7,0.30000000000000004,0.9,0.09999999999999998,2.500353851149392,0.0,vegetative,0.45,0.012852989593625248,0.14395005399324676,0.0,0.0,0.14395005399324676,0.0,0.7767624250531071,0.2,false,0.0,0.15535248501062143,0.039,0.0,0.0,0.7,0.0,0.0,44.0098,12.0107,30.031,18.01528,0.3999433918284439,55.0,0.9,-15.0,true,1.1763029124358637e-15,0.9999999999994561,1.5,0.0,0.0,0.0,0.0,36.88823328018994,0.0,0.0,0.0,0.0,0.0,0.0,0.0,0.21009375790404378,0.0,NaN,NaN,9,2021-10-21
2021-10-22T12:00:00.000+08:00,0.126,0.0,0.0,0.0,0.0,0.0,0.1379867966910639,0.0,0.275,10.0,0.0098684994831855,0.13701320330893596,0.03465,0.0,0.0,0.0,0.0,0.0,0.0,0.13701320330893596,0.13701320330893596,0.0,0.0,0.0,0.13701320330893596,0.13701320330893596,0.0,54.99999999996987,0.0,0.0,0.0,0.0,0.0,0.0,280.16882356322986,280.16882356322986,9,0,0,0,0,0,5,0.7,0.30000000000000004,0.9,0.09999999999999998,2.500353851149392,0.0,vegetative,0.45,0.011103633309531891,0.15525711833142142,0.0,0.0,0.15525711833142142,0.0,0.7202590148143686,0.2,false,0.0,0.14405180296287373,0.039,0.0,0.0,0.7,0.0,0.0,44.0098,12.0107,30.031,18.01528,0.3999433918284439,55.0,0.9,-15.0,true,2.930583045616322e-15,0.9999999999994522,1.5,0.0,0.0,0.0,0.0,76.59285709942289,0.0,0.0,0.0,0.0,0.0,0.0,0.0,0.2835771648768712,0.0,NaN,NaN,10,2021-10-22
2021-10-23T12:00:00.000+08:00,0.126,0.0,0.0,0.0,0.0,0.0,0.14681359680853567,0.0,0.275,10.0,0.009325776339484131,0.12818640319146415,0.03465,0.0,0.0,0.0,0.0,0.0,0.0,0.12818640319146415,0.12818640319146415,0.0,0.0,0.0,0.12818640319146415,0.12818640319146415,0.0,54.99999999996941,0.0,0.0,0.0,0.0,0.0,0.0,337.67187602745736,337.67187602745736,10,0,0,0,0,0,5,0.7,0.30000000000000004,0.9,0.09999999999999998,2.500353851149392,0.0,vegetative,0.45,0.01049298335342416,0.16518867398159232,0.0,0.0,0.16518867398159232,0.0,0.727516812025281,0.2,false,0.0,0.1455033624050562,0.039,0.0,0.0,0.7,0.0,0.0,44.0098,12.0107,30.031,18.01528,0.3999433918284439,55.0,0.9,-15.0,true,2.612483744082187e-15,0.9999999999994438,1.5,0.0,0.0,0.0,0.0,66.07002214589934,0.0,0.0,0.0,0.0,0.0,0.0,0.0,0.3303474366661291,0.0,NaN,NaN,11,2021-10-23
2021-10-24T12:00:00.000+08:00,0.126,-0.05482977348518969,-0.00222740388723471,-0.0003930712742178899,-0.0015722850968715597,-0.0006551187903631499,0.1557549921148452,1.0,0.275,10.0,0.009594442127762537,0.11975505729988689,0.03465,0.0,0.0,0.0,-0.00019598993753572628,-0.0007839597501429051,-0.0003266498958928772,0.11864444765385111,0.11844845771631539,-0.00019598993753572628,-0.0007839597501429051,-0.0003266498958928772,0.11864444765385111,0.11844845771631539,-0.00027414886742594844,54.99999999996905,1.7927218066883532,1.7927218066883532,1.0,0.009859969936780394,1.7927218066883532,0.0,337.67187602745736,335.879154220769,10,1,1,0,0,1,5,0.7,0.30000000000000004,0.9,0.09999999999999998,2.500353851149392,0.005094372757542312,vegetative,0.45,0.010795275145701461,0.17467528065826232,0.0,0.0005738868082810393,0.17524916746654337,0.0022069543192253255,0.801172187971689,0.2,false,0.0,0.1602344375943378,0.039,0.005950490264157611,-0.0037435359449322853,0.7,-0.0026204751614525997,0.0,44.0098,12.0107,30.031,18.01528,0.3999433918284439,55.0,0.9,-15.0,true,7.798149702327976e-16,0.9999999999994372,1.5,0.0,0.0,0.009824385531102136,3.558440567825831e-5,205.36560411639863,88.08830837696004,0.10798660121603876,0.09833510136901497,0.007216463470423286,0.005094372757542312,0.0046390538815297665,0.20422856557364655,0.3359922491777165,0.25428546158453863,-2286.752357326463,-0.0004373013968023811,12,2021-10-24
2021-10-25T12:00:00.000+08:00,0.126,0.14605137094389775,-0.0016857064159726382,-0.0002974776028187008,-0.0011899104112748032,-0.0004957960046978347,0.16413496185451967,1.0,0.275,10.0,0.008967633806844273,0.11146168158818275,0.03465,0.0,0.0,0.0,-0.0005911824797711545,-0.002364729919084618,-0.0009853041329519244,0.1081116475361462,0.10752046505637505,-0.0005911824797711545,-0.002364729919084618,-0.0009853041329519244,0.1081116475361462,0.10752046505637505,0.0007302568547194887,54.999999999968836,1.9529282968655033,1.9529282968655033,1.0,0.010741105632754181,1.9529282968655033,0.0,399.37499148606946,397.422063189204,11,1,1,0,0,1,5,0.7,0.30000000000000004,0.9,0.09999999999999998,2.500353851149392,0.005078436979298532,vegetative,0.45,0.010090015976088253,0.184006648913167,0.0,0.0006713188783760809,0.18467796779154308,0.0025925215337657915,0.8045485837883705,0.2,false,0.0,0.1609097167576741,0.039,0.005425641560610562,-0.00283312002684477,0.7,-0.001983184018791339,0.0,44.0098,12.0107,30.031,18.01528,0.3999433918284439,55.0,0.9,-15.0,true,7.359459465856571e-16,0.9999999999994333,1.5,0.0,0.0,0.01069850880017967,4.259683257451172e-5,183.5507381158377,78.81840837761258,0.10764880682756717,0.09709974713958197,0.007578956426086558,0.005078436979298532,0.0045807748463395975,0.21448724929997398,0.34535858485857185,0.23880235450095622,-825.8568055084606,-0.0012108636670788509,13,2021-10-25
2021-10-26T12:00:00.000+08:00,0.126,0.1185434702058965,0.009290801745745666,0.0016395532492492354,0.0065582129969969415,0.0027325887487487256,0.1757231437464435,1.0,0.275,10.0,0.009876590779215728,0.10353239684184627,0.03465,0.0,0.0,0.0,-0.0007938349156836118,-0.0031753396627344473,-0.0013230581928060192,0.0990339989863058,0.0982401640706222,-0.0007938349156836118,-0.0031753396627344473,-0.0013230581928060192,0.0990339989863058,0.0982401640706222,0.0005927173510294825,54.99999999996864,8.082317988426153,8.082317988426153,1.0,0.044452748936318495,8.082317988426153,0.0,399.37499148606946,391.2926734976433,11,2,2,0,0,2,5,0.7,0.30000000000000004,0.9,0.09999999999999998,2.500353851149392,0.03403541404240287,vegetative,0.45,0.01111273730596738,0.19292835685673013,0.0,0.004788160784394058,0.1977165176411242,0.021925058170824224,0.9539613763895548,0.2,false,0.0,0.19079227527791098,0.039,0.006310265320831507,0.015614792849992717,0.7,0.010930354994994902,0.0,44.0098,12.0107,30.031,18.01528,0.3999433918284439,55.0,0.9,-15.0,true,3.207114364261258e-17,0.9999999999994298,1.5,0.0,0.0,0.04372278654703866,0.0007299623892798382,388.0441928129933,165.61940966009215,0.7214565675388096,0.6677454541603732,0.08502220240266388,0.03403541404240287,0.03150154012016543,2.4061595419660495,0.79355840729088,0.31152204131130873,-2545.3396634318033,-0.00039287487417366166,14,2021-10-26
2021-10-27T12:00:00.000+08:00,0.126,0.14001869745918727,0.009568565014508118,0.001688570296677903,0.006754281186711612,0.0028142838277965053,0.18357953436412797,1.0,0.275,10.0,0.008864293698561228,0.0958072468503178,0.03465,0.0,0.0,0.0,8.191840236595597e-5,0.00032767360946382387,0.00013653067060992742,0.09627145113039155,0.09635336953275751,8.191840236595597e-5,0.00032767360946382387,0.00013653067060992742,0.09627145113039155,0.09635336953275751,0.0007000934872959364,54.99999999996846,8.346260830819803,8.346260830819803,1.0,0.045904434569482594,8.346260830819803,0.0,465.0021268804548,456.655866049635,12,2,1,1,0,2,5,0.7,0.30000000000000004,0.9,0.09999999999999998,2.500353851149392,0.036942664852399734,vegetative,0.45,0.009973741899112584,0.20162038069614138,0.0,0.004935827386660406,0.20655620808280178,0.021920324420944395,0.9252216288408902,0.2,false,0.0,0.18504432576817806,0.039,0.005838702547821508,0.016081621873122887,0.7,0.011257135311186021,0.0,44.0098,12.0107,30.031,18.01528,0.3999433918284439,55.0,0.9,-15.0,true,6.834932407125011e-17,0.9999999999994266,1.5,0.0,0.0,0.04511943294249618,0.0007850016269864146,420.77051692455404,179.78137192280016,0.783082237429047,0.7307035677285533,0.0935560206835047,0.036942664852399734,0.034471650254350936,2.647669732311422,0.8213182883959927,0.3199120875067475,25471.263445588087,3.925992921930268e-5,15,2021-10-27
2021-10-28T12:00:00.000+08:00,0.126,0.39421813984357224,0.028587197788317795,0.0050447996097031395,0.020179198438812558,0.008407999349505233,0.1964213145779267,1.0,0.275,10.0,0.00888703091942003,0.08887412259905028,0.03465,0.0,0.0,0.0,0.001117557280378467,0.004470229121513868,0.0018625954672974465,0.0952069471878616,0.09632450446824006,0.001117557280378467,0.004470229121513868,0.0018625954672974465,0.0952069471878616,0.09632450446824006,0.001971090699217861,54.99999999996821,15.839248404009385,15.839248404009385,1.0,0.08711586622200128,15.839248404009385,0.0,465.0021268804548,449.1628784764454,13,3,2,1,0,3,5,0.7,0.30000000000000004,0.9,0.09999999999999998,2.500353851149392,0.09693143107869723,vegetative,0.45,0.009999324893095018,0.20942124946111068,0.0,0.01158400619762467,0.22100525565873536,0.055600843928971765,0.9999570920675394,0.2,false,0.0,0.19999141841350787,0.039,0.007555133360370433,0.04804571056860133,0.7,0.03363199739802093,0.0,44.0098,12.0107,30.031,18.01528,0.3999433918284439,55.0,0.9,-15.0,true,2.3975722764057937e-18,0.999999999999422,1.5,0.0,0.0,0.08429319504355812,0.002822671178443162,1162.0276062381108,492.91694749186934,2.054678032285337,1.9312829416642285,0.4048183067530208,0.09693143107869723,0.09111014787322783,11.45650670095802,1.7238186593062963,0.3536224035179326,3543.2743990190233,0.00028222482579301673,16,2021-10-28
2021-10-29T12:00:00.000+08:00,0.126,0.21047317243391594,0.028237736655767544,0.004983129998076625,0.0199325199923065,0.008305216663461042,0.20418584334030823,1.0,0.275,10.0,0.00693836557836008,0.08250722666343896,0.03465,0.0,0.0,0.0,0.0036012202398830358,0.014404880959532143,0.006002033733138395,0.1029141413561095,0.10651536159599254,0.0036012202398830358,0.014404880959532143,0.006002033733138395,0.1029141413561095,0.10651536159599254,0.0010523658621695796,54.99999999996795,21.511610748186406,21.511610748186406,1.0,0.1183138591149563,21.511610748186406,0.0,534.2843476559844,512.772736907798,13,3,2,1,0,3,5,0.7,0.30000000000000004,0.9,0.09999999999999998,2.500353851149392,0.0795477910755138,vegetative,0.45,0.007806766092540751,0.21658502120872367,0.0,0.013156565677033084,0.22974158688575674,0.053106657119572256,0.8409403465544728,0.2,false,0.0,0.16818806931089458,0.039,0.005648276185509158,0.0474583809340631,0.7,0.03322086665384417,0.0,44.0098,12.0107,30.031,18.01528,0.3999433918284439,55.0,0.9,-15.0,true,3.8647093855959503e-16,0.9999999999994172,1.5,0.0,0.0,0.11310350052132376,0.005210358593632544,311.77336279157294,131.60711271713117,1.686192982201844,1.5679077392221759,0.21943512643154192,0.0795477910755138,0.07396756989372698,6.210094638635764,0.8575371088092582,0.2721609522186405,1493.355676358542,0.0006696328381986265,17,2021-10-29
2021-10-30T12:00:00.000+08:00,0.126,0.3491653365600289,0.013602671577588998,0.0024004714548686466,0.009601885819474586,0.004000785758114411,0.20456220694825766,1.0,0.275,10.0,0.006386598599630791,0.07686417365776489,0.03465,0.0,0.0,0.0,0.005614633402830669,0.022458533611322676,0.009357722338051119,0.10868042960713868,0.11429506300996935,0.005614633402830669,0.022458533611322676,0.009357722338051119,0.10868042960713868,0.11429506300996935,0.0017458266828001446,54.99999999996771,28.687189914446982,28.687189914446982,1.0,0.1577795445293658,28.687189914446982,0.0,606.9597543923276,578.2725644778806,14,4,2,2,0,4,5,0.7,0.30000000000000004,0.9,0.09999999999999998,2.500353851149392,0.04437961789214246,vegetative,0.45,0.007185940381949473,0.22293435440046344,0.0,0.007230701473749329,0.23016505587421277,0.028838145445835694,0.8308940688111607,0.2,false,0.0,0.16617881376223215,0.039,0.005976512542324771,0.022861632903510922,0.7,0.016003143032457645,0.0,44.0098,12.0107,30.031,18.01528,0.3999433918284439,55.0,0.9,-15.0,true,4.635580750370858e-16,0.9999999999994129,1.5,0.0,0.0,0.14852704386770513,0.009252500661660668,103.70280472194635,43.50019124343784,0.9407250563562722,0.7824245660374699,0.1369826861665883,0.04437961789214246,0.036911638565963426,3.876660308596708,0.6130372570273012,0.1667098253387933,1277.3402934902247,0.0007828767362122308,18,2021-10-30
2021-10-31T12:00:00.000+08:00,0.126,0.5652395699076846,0.05487618037783059,0.009684031831381869,0.038736127325527475,0.016140053052303115,0.22288850447315833,1.0,0.275,10.0,0.007093187503932734,0.0709792850455305,0.03465,0.0,0.0,0.0,0.007423430134411383,0.029693720537645532,0.012372383557352304,0.11304538914052834,0.12046881927493971,0.007423430134411383,0.029693720537645532,0.012372383557352304,0.11304538914052834,0.12046881927493971,0.002826197849538423,54.99999999996763,38.43398049393133,38.43398049393133,1.0,0.21138689271649794,38.43398049393133,0.0,606.9597543923276,568.5257738983962,14,4,2,2,0,4,5,0.7,0.30000000000000004,0.9,0.09999999999999998,2.500353851149392,0.18457761008430537,vegetative,0.45,0.00798096541157233,0.22955579115779684,0.0,0.021229267583578626,0.25078505874137547,0.10183242084440212,0.9993320585552143,0.2,false,0.0,0.19986641171104289,0.039,0.009603546259812891,0.09222887458458923,0.7,0.06456021220921246,0.0,44.0098,12.0107,30.031,18.01528,0.3999433918284439,55.0,0.9,-15.0,true,1.9418316437120065e-18,0.9999999999994115,1.5,0.0,0.0,0.1948654167099073,0.016521476006590624,560.5080260382925,233.06399378115916,3.912534422235457,3.611163667858367,0.7152670644339955,0.18457761008430537,0.1703601521429526,20.242320517540627,1.4981308348707125,0.3073199581629375,1294.3470807305855,0.0007725903004590984,19,2021-10-31
2021-11-01T12:00:00.000+08:00,0.126,0.4948879118871674,0.06148830339170717,0.010850877069124793,0.04340350827649917,0.01808479511520799,0.23219782088654864,0.9505849784541225,0.275,10.0,0.006006719489761061,0.06526538152870849,0.03465,0.0,0.0,0.0,0.012054012792998106,0.04821605117199242,0.020090021321663515,0.13357145402236442,0.14562546681536254,0.011458363491117821,0.045833453964471284,0.019097272485196375,0.13019610797837614,0.14165447146949395,0.0024744395594358372,54.99999999996757,49.34337362944024,46.905069758395165,0.9505849784541225,0.2579778836710213,46.905069758395165,2.4383038710450706,682.7733851634862,635.868315405091,15,5,2,3,0,5,5,0.7,0.30000000000000004,0.9,0.09999999999999998,2.500353851149392,0.08181813812469006,vegetative,0.45,0.006758515894049182,0.23598484245631865,0.0,0.02527467960066175,0.2612595220569804,0.11165582022106268,0.9203530798512021,0.2,false,0.0,0.18407061597024044,0.039,0.008314133848445596,0.10334168637261709,0.7,0.07233918046083196,0.0,44.0098,12.0107,30.031,18.01528,0.3999433918284439,55.0,0.9,-15.0,true,7.671188677635043e-17,0.9999999999994104,1.5,0.0,0.0,0.2334597838908844,0.024518099780136915,125.66093350402346,51.87923878804222,1.7343180553147934,1.442667062118543,0.3391071708159599,0.08181813812469006,0.06805921935404817,9.596857429588109,0.9356795731695634,0.1691920347393061,1023.3806466943242,0.0009771535188105743,20,2021-11-01
2021-11-02T12:00:00.000+08:00,0.126,0.6600826546894729,0.037072419026680965,0.0065421915929436995,0.026168766371774798,0.010903652654906166,0.2288398112867081,0.9061853768057807,0.275,10.0,0.005694324330634968,0.06023292367193287,0.03465,0.0,0.0,0.0,0.016028415595045337,0.06411366238018135,0.026714025991742222,0.15106061204385646,0.1670890276389018,0.014524715825595811,0.058098863302383244,0.024207859709326346,0.14253964668364244,0.15706436250923825,0.0033004132734473644,54.9999999999675,61.80294655714744,56.00492641359618,0.9061853768057807,0.308027095274597,56.00492641359618,5.798020143551261,761.4771077241325,705.4721813105363,16,5,2,3,0,5,5,0.7,0.30000000000000004,0.9,0.09999999999999998,2.500353851149392,0.1436348887221491,vegetative,0.45,0.0064070215964085716,0.24164715887863983,0.0,0.0158340676725195,0.25748122655115935,0.0718525175699385,0.945384016497341,0.2,false,0.0,0.18907680329946822,0.039,0.009545930970474696,0.06230658659946381,0.7,0.04361461061962466,0.0,44.0098,12.0107,30.031,18.01528,0.3999433918284439,55.0,0.9,-15.0,true,4.08653155985378e-17,0.9999999999994091,1.5,0.0,0.0,0.27323582040282635,0.03479127487177064,204.9551861252309,83.98024108515105,3.0446620589717526,2.6841872240339697,0.5638106559483015,0.1436348887221491,0.12662913839565484,15.956048553614815,1.1095649863922472,0.20568215333021855,963.9590730391939,0.0010373884410332644,21,2021-11-02
2021-11-03T12:00:00.000+08:00,0.126,0.5675362515224649,0.10253767099834468,0.01809488311735494,0.07237953246941976,0.030158138528924905,0.2541472098513668,0.91482421487614,0.275,10.0,0.005538653419051733,0.055391872771302905,0.03465,0.0,0.0,0.0,0.02126775270970674,0.08507101083882695,0.03544625451617789,0.17590913812630776,0.1971768908360145,0.019456255174837365,0.07782502069934946,0.03242709195806227,0.16564398542871464,0.185100240603552,0.0028376812576123246,54.99999999996745,77.33337914613699,70.74644786108362,0.91482421487614,0.3891054632357297,70.74644786108362,6.5869312850533674,761.4771077241325,690.7306598630488,16,6,2,4,1,5,5,0.7,0.30000000000000004,0.9,0.09999999999999998,2.500353851149392,0.2675526677421999,vegetative,0.45,0.006231867032928486,0.24709411199698997,0.0,0.03886196771284196,0.28595607970983195,0.18651946683874274,0.9999036215870941,0.2,false,0.0,0.19998072431741884,0.039,0.014187246673457563,0.17233222016528518,0.7,0.12063255411569962,0.0,44.0098,12.0107,30.031,18.01528,0.3999433918284439,55.0,0.9,-15.0,true,2.313141769602989e-18,0.9999999999994081,1.5,0.0,0.0,0.33429092757467715,0.054814535661052544,383.782247952911,155.2530220231311,5.671375969296343,5.125628788715354,1.1800432240897245,0.2675526677421999,0.2418065146273775,33.39565646780953,1.6073120474388036,0.25045068400767784,909.0450246635784,0.0011000555229594732,22,2021-11-03
2021-11-04T12:00:00.000+08:00,0.126,0.8882646896748105,0.0799657395337953,0.01411160109419917,0.05644640437679668,0.023519335156998618,0.2523305338981463,0.9302379460416802,0.275,10.0,0.005003646799564281,0.05103200361063852,0.03465,0.0,0.0,0.0,0.029288160016971643,0.11715264006788657,0.04881360002828607,0.21699824370681114,0.2462864037237828,0.027244957817527764,0.10897983127011106,0.045408263029212935,0.20542009790996252,0.23266505572749027,0.004441323448374053,54.99999999996737,94.41997348571196,87.8330422006586,0.9302379460416802,0.4830817321033357,87.8330422006586,6.5869312850533674,842.8295092628375,754.9964670621789,17,7,3,4,1,6,5,0.7,0.30000000000000004,0.9,0.09999999999999998,2.500353851149392,0.27069383374958506,vegetative,0.45,0.005629899395286846,0.25199965903785854,0.0,0.03191237094980702,0.28391202998766557,0.15019114733207672,0.9804919355588818,0.2,false,0.0,0.19609838711177638,0.039,0.015794946434941746,0.13439620089713497,0.7,0.09407734062799447,0.0,44.0098,12.0107,30.031,18.01528,0.3999433918284439,55.0,0.9,-15.0,true,1.2798867288102407e-17,0.9999999999994068,1.5,0.0,0.0,0.3999470205837373,0.08313471151959839,279.9676335977406,111.61648061929942,5.737959993893018,5.126075458375541,1.0376319963895189,0.27069383374958506,0.2418275867022729,29.365366440845737,1.1949742922084292,0.23059314960468164,805.9568562091158,0.0012407612048907705,23,2021-11-04
2021-11-05T12:00:00.000+08:00,0.126,0.6549401736519507,0.06365309033107255,0.011232898293718685,0.04493159317487474,0.01872149715619781,0.30191242295077053,0.9404955507470646,0.275,10.0,0.001706838967513313,0.047167467884145775,0.03465,0.0,0.0,0.0,0.03653904578280636,0.14615618313122544,0.0608984096380106,0.2542220606533818,0.2907611064361882,0.034364809987272676,0.1374592399490907,0.05727468331212113,0.2419013911453576,0.2762662011326303,0.0032747008682597533,54.99999999996731,110.69644989157553,104.10951860652216,0.9404955507470646,0.5726023523355315,104.10951860652216,6.5869312850533674,926.595787945487,822.4862693389648,18,7,3,4,1,6,5,0.7,0.30000000000000004,0.9,0.09999999999999998,2.500353851149392,0.5572145795940826,vegetative,0.45,0.001920465623571194,0.25634787709184687,0.0,0.08335167315381456,0.33969955024566145,0.1447789912445317,0.36186783901686326,0.2,false,0.0,0.07237356780337266,0.039,0.037799007494829936,0.10697998374970176,0.7,0.07488598862479123,0.0,44.0098,12.0107,30.031,18.01528,0.3999433918284439,55.0,0.9,-15.0,true,1.5296087027756654e-21,0.9999999999994056,1.5,0.0,0.0,0.4575612566052791,0.1150410957302524,1306.6377319246835,514.0029657558655,11.811406715243141,10.52894990227422,3.6721620976216527,0.5572145795940826,0.4967134342932595,103.92353551361047,3.1543084696645343,0.2872562129539363,757.3846519526812,0.0013203330664568003,24,2021-11-05
2021-11-06T12:00:00.000+08:00,0.126,1.054248852861071,0.2015849810651666,0.035573820187970576,0.1422952807518823,0.059289700313284295,0.300255493488893,0.9494957018791097,0.275,10.0,0.004274879051522272,0.04326417977942726,0.03465,0.0,0.0,0.0,0.05335003052531018,0.2134001221012407,0.08891671754218362,0.3455810194228516,0.39893104994816175,0.05065562467890131,0.20262249871560525,0.08442604113150219,0.33031271962653475,0.3809683443054361,0.005271244264305355,54.99999999996731,130.42318238512033,123.83625110006696,0.9494957018791097,0.6810993810499635,123.83625110006696,6.5869312850533674,926.595787945487,802.75953684542,18,8,3,5,1,7,5,0.7,0.30000000000000004,0.9,0.09999999999999998,2.500353851149392,0.3863903734529666,vegetative,0.45,0.0048099196348522074,0.2607396977419972,0.0,0.07709554302117456,0.33783524076317173,0.36565024295725085,0.9880873908431378,0.2,false,0.0,0.19761747816862757,0.039,0.026851955452769156,0.3387982875044817,0.7,0.23715880125313718,0.0,44.0098,12.0107,30.031,18.01528,0.3999433918284439,55.0,0.9,-15.0,true,8.913408124421114e-18,0.9999999999994056,1.5,0.0,0.0,0.521565417786692,0.15953396326327152,302.0108925006807,116.905341475655,8.190406387127025,7.292098294889838,1.2030505491068575,0.3863903734529666,0.3440118170261589,34.046772212411355,0.9256907233598702,0.24539523836829613,611.1673278389471,0.0016362131194675327,25,2021-11-06
2021-11-07T12:00:00.000+08:00,0.126,0.8843778237178312,-0.0457760837473195,-0.008078132425997558,-0.032312529703990234,-0.013463554043329265,0.3293419434107709,0.9566076743854576,0.275,10.0,0.0,0.03982428627998798,0.03465,0.0,0.0,0.0,0.06713285634300331,0.26853142537201324,0.11188809390500554,0.42024380555700674,0.48737666190001006,0.06421980558113341,0.25687922232453364,0.10703300930188904,0.40373651790641063,0.467956323487544,0.004421889118589156,54.99999999996728,151.7994528241149,145.21252153906153,0.9566076743854576,0.7986688684643634,145.21252153906153,6.5869312850533674,1012.5476484832924,867.3351269442309,19,8,3,5,1,7,5,0.7,0.30000000000000004,0.9,0.09999999999999998,2.500353851149392,0.7143434343794474,vegetative,0.45,0.0,0.26461012567348713,0.0,0.10595200277497863,0.37056212844846576,0.0,0.0,0.2,false,0.0,0.0,0.039,0.07693459453331009,-0.07693459453331009,0.7,-0.05385421617331706,0.0,44.0098,12.0107,30.031,18.01528,0.3999433918284439,55.0,0.9,-15.0,true,1.5332996479678513e-22,0.9999999999994051,1.5,0.0,0.0,0.5841610130816937,0.2145078553826697,1290.3763664289927,491.0073791135282,15.142103503403826,13.092559661206455,5.477610617116814,0.7143434343794474,0.6176542137029803,155.01839144474502,3.8112701624842873,0.25822774326168185,565.2949281962724,0.0017689880982848594,26,2021-11-07
2021-11-08T12:00:00.000+08:00,0.126,0.950623141789043,0.096542376412862,0.017036889955210938,0.06814755982084375,0.028394816592018233,0.2776311237320082,0.9618933375426456,0.275,10.0,0.003413839320723269,0.036720410479910384,0.03465,0.0,0.0,0.0,0.08465094604903922,0.3386037841961569,0.141084910081732,0.5164091047577992,0.6010600508068384,0.08142518102125276,0.32570072408501105,0.13570863503542124,0.49812976960034266,0.5795549506215955,0.004753115708945215,54.999999999967265,172.85510879954012,166.26817751448678,0.9618933375426456,0.9144749763291331,166.26817751448678,6.5869312850533674,1100.4632028196936,934.1950253052069,20,9,3,6,1,8,5,0.7,0.30000000000000004,0.9,0.09999999999999998,2.500353851149392,0.6801179933372298,vegetative,0.45,0.0038411128317490423,0.2681024801880831,0.0,0.04427674205193391,0.312379222240017,0.19758430501394417,0.9296844115048682,0.2,false,0.0,0.18593688230097366,0.039,0.035328210202411385,0.16225609481153278,0.7,0.11357926636807293,0.0,44.0098,12.0107,30.031,18.01528,0.3999433918284439,55.0,0.9,-15.0,true,6.132463718693569e-17,0.9999999999994048,1.5,0.0,0.0,0.6393648584889252,0.2751101178402079,491.9345492615464,184.13640628851118,14.416618889464443,13.390192918808275,2.4534288148532237,0.6801179933372298,0.6316953516051903,69.4329361810172,1.27852170838474,0.270337868307992,510.4937300387738,0.0019588879180240794,27,2021-11-08
2021-11-09T12:00:00.000+08:00,0.126,1.0538661513746936,0.16913053019656477,0.02984656415233496,0.11938625660933984,0.049744273587224934,0.30523579663997424,0.9455138532932477,0.275,10.0,0.00317196865359074,0.034477781540069245,0.03465,0.0,0.0,0.0,0.09339055488955665,0.3735622195582266,0.1556509248159277,0.5636909259142235,0.6570814808037801,0.08830206341481926,0.35320825365927705,0.1471701056913654,0.5348561408907118,0.623158204305531,0.0052693307568734684,54.99999999996576,190.59276657325196,180.20810113249595,0.9455138532932477,0.9911445562281108,180.20810113249595,10.384665440755999,1100.4632028196936,920.2551016871977,20,9,3,6,1,8,5,0.7,0.30000000000000004,0.9,0.09999999999999998,2.500353851149392,0.6671009031567474,vegetative,0.45,0.003568969817428841,0.2706257948459769,0.0,0.07281307999085862,0.3434388748368355,0.3215438539057716,0.9200036985861038,0.2,false,0.0,0.18400073971722075,0.039,0.037290861978771954,0.28425299192699965,0.7,0.19897709434889974,0.0,44.0098,12.0107,30.031,18.01528,0.3999433918284439,55.0,0.9,-15.0,true,7.734157680184939e-17,0.9999999999993774,1.5,0.0,0.0,0.6719783791730164,0.3191661770550944,436.2632174009034,161.6612248541746,14.140692608994726,13.073231173737204,3.2026241594867173,0.6671009031567474,0.6167423735404307,90.63543948420377,1.9237939918229363,0.2085222151775737,510.2035393157432,0.0019600020833668553,28,2021-11-09
2021-11-10T12:00:00.000+08:00,0.126,1.0502988005799985,0.23798088775259044,0.041996627250457136,0.16798650900182854,0.0699943787507619,0.32861199697977805,0.9309465335136035,0.275,10.0,0.003106388971789054,0.032390137308197786,0.03465,0.0,0.0,0.0,0.10791698899467046,0.43166795597868185,0.1798616483244507,0.6439197416113304,0.7518367306060009,0.10046494681181416,0.40185978724725663,0.1674415780196902,0.6016915025751446,0.7021564493869588,0.0052514940028999925,54.99999999996277,209.08140244987086,194.64360683286992,0.9309465335136035,1.0705398375800599,194.64360683286992,14.437795617000958,1190.126876373596,995.483269540726,21,10,3,7,1,9,5,0.7,0.30000000000000004,0.9,0.09999999999999998,2.500353851149392,0.6899423517711799,vegetative,0.45,0.0034951822329513426,0.2729747270287222,0.0,0.09676609545330399,0.3697408224820262,0.4454587576197551,0.9590539682592956,0.2,false,0.0,0.19181079365185913,0.039,0.04549087904397284,0.3999678785757823,0.7,0.2799775150030476,0.0,44.0098,12.0107,30.031,18.01528,0.3999433918284439,55.0,0.9,-15.0,true,2.7521201572208225e-17,0.9999999999993231,1.5,0.0,0.0,0.703105399375903,0.3674344382041569,419.2825349132604,153.7699334553238,14.62486809440014,13.38537497264917,3.5257860137342347,0.6899423517711799,0.6314680603173983,99.78103860094984,2.0104980980404847,0.20523666015495742,484.35701458506327,0.002064592789797161,29,2021-11-10
2021-11-11T12:00:00.000+08:00,0.126,1.303802895327233,0.05488574507010217,0.009685719718253322,0.03874287887301329,0.016142866197088872,0.3866509543637038,0.9170981781962378,0.275,10.0,0.0008247187240714938,0.030710063429372027,0.03465,0.0,0.0,0.0,0.12596222572792207,0.5038489029116883,0.20993704287987003,0.7444960092209303,0.8704582349488523,0.1155197277366206,0.4620789109464824,0.19253287956103426,0.6853218539368887,0.8008415816735093,0.006519014476636165,54.99999999991006,225.8147290631232,207.09427663366733,0.9170981781962378,1.139018521483308,207.09427663366733,18.72045242945584,1190.126876373596,983.0325997399286,21,10,3,7,1,9,5,0.7,0.30000000000000004,0.9,0.09999999999999998,2.500353851149392,0.9712446008011277,vegetative,0.45,0.0009279398870312277,0.27486507766563406,0.0,0.16017881359160951,0.4350438912572436,0.20647689053048757,0.26854999045124345,0.2,false,0.0,0.05370999809024869,0.039,0.11423194083283687,0.0922449496976507,0.7,0.06457146478835549,0.0,44.0098,12.0107,30.031,18.01528,0.3999433918284439,55.0,0.9,-15.0,true,9.757605633279892e-22,0.9999999999983648,1.5,0.0,0.0,0.7275292549311493,0.4114892665521587,1503.3738110294764,546.6585005519245,20.58769712808133,18.021971727385885,8.188938669080752,0.9712446008011277,0.8502040139370057,231.7499707180844,4.647642166640329,0.2028196406458708,448.1794596716681,0.002231249064231079,30,2021-11-11
2021-11-12T12:00:00.000+08:00,0.126,1.0837892024819609,0.11050628947061669,0.019501109906579415,0.07800443962631766,0.032501849844299026,0.30586734905240004,0.9188904108513497,0.275,10.0,0.0020448472666138627,0.02884610245983549,0.03465,0.0,0.0,0.0,0.1521362373429594,0.6085449493718376,0.253560395571599,0.890951447403272,1.0430876847462314,0.1397965296374504,0.5591861185498016,0.23299421606241735,0.8210264370720545,0.9608229667095048,0.005418946012409804,54.99999999990857,244.72114055715934,224.87190939057905,0.9188904108513497,1.2367955016461287,224.87190939057905,19.8492311665803,1190.126876373596,965.2549669830169,22,10,3,7,2,8,5,0.7,0.30000000000000004,0.9,0.09999999999999998,2.500353851149392,0.23229893976429852,vegetative,0.45,0.0023007787821406256,0.2769623305604918,0.0,0.0671871413043189,0.3441494718648107,0.22861311114988433,0.7088816485558322,0.2,false,0.0,0.14177632971116647,0.039,0.04288825489674703,0.1857248562531373,0.7,0.1300073993771961,0.0,44.0098,12.0107,30.031,18.01528,0.3999433918284439,55.0,0.9,-15.0,true,3.5051257421120084e-15,0.9999999999983376,1.5,0.0,0.0,0.7602682174569964,0.47652728418913237,83.44968113401228,29.956842997449723,4.924094518617482,3.864763325590598,1.1555781533497147,0.23229893976429852,0.1823239622188866,32.70328598410716,0.7927086684410248,0.13530631485527966,402.14143722623857,0.0024866872881777052,31,2021-11-12
2021-11-13T12:00:00.000+08:00,0.126,1.1333825604166776,0.24578477491719158,0.04337378380891616,0.17349513523566465,0.07228963968152693,0.3388718860430999,0.9250952909489681,0.275,10.0,0.0027059934764914802,0.027091300953372442,0.03465,0.0,0.0,0.0,0.16206229224806973,0.6482491689922789,0.2701038204134496,0.9454442903591009,1.1075065826071706,0.14992306339908476,0.599692253596339,0.249871772331808,0.8766553268815195,1.0265783902806043,0.005666912802083388,54.99999999990703,264.9931014758654,245.14387030928512,0.9250952909489681,1.3482912866987893,245.14387030928512,19.8492311665803,1281.3293199001027,1036.1854495908176,22,11,3,8,2,9,5,0.7,0.30000000000000004,0.9,0.09999999999999998,2.500353851149392,1.0208019973356393,vegetative,0.45,0.0030446735445587717,0.27893676167760123,0.0,0.102348069713754,0.3812848313913552,0.49070194354165875,0.9988422044215733,0.2,false,0.0,0.19976844088431467,0.039,0.0776182882186477,0.41308365532301106,0.7,0.28915855872610774,0.0,44.0098,12.0107,30.031,18.01528,0.3999433918284439,55.0,0.9,-15.0,true,3.762680769206934e-18,0.9999999999983097,1.5,0.0,0.0,0.7939085064546801,0.5543827802441091,617.9614345856126,218.59966687351675,21.63817675954186,19.822602540296046,4.646056504240971,1.0208019973356393,0.9351505207850586,131.4851047642951,1.7655623239829221,0.2575242550948757,408.78278623604626,0.0024462869613657437,32,2021-11-13
2021-11-14T12:00:00.000+08:00,0.126,1.1163112980794407,0.10846392314317722,0.019140692319384214,0.07656276927753686,0.03190115386564036,0.30669641145449916,0.9305829420757334,0.275,10.0,0.0019468788526177852,0.02546432825192137,0.03465,0.0,0.0,0.0,0.1769151422173186,0.7076605688692744,0.2948585703621977,1.0279834674833934,1.204898609700712,0.16463421354233915,0.6585368541693566,0.2743903559038986,0.9583915383251765,1.1230257518675157,0.005581556490397203,54.99999999990528,285.9416944497376,266.09246328315726,0.9305829420757334,1.4635085480548446,266.09246328315726,19.8492311665803,1281.3293199001027,1015.2368566169455,23,11,3,8,2,9,5,0.7,0.30000000000000004,0.9,0.09999999999999998,2.500353851149392,0.418196863604145,vegetative,0.45,0.002190548716588885,0.2807673650345057,0.0,0.06431493404677423,0.34508229908127996,0.23602595837959242,0.764551427925803,0.2,false,0.0,0.15291028558516062,0.039,0.05373365057593321,0.1822923078036592,0.7,0.12760461546256144,0.0,44.0098,12.0107,30.031,18.01528,0.3999433918284439,55.0,0.9,-15.0,true,1.4386085977604114e-15,0.9999999999982778,1.5,0.0,0.0,0.8246458352617071,0.6388627127931376,143.41981085312023,49.97642343365381,8.864615937831973,7.536983901718287,1.916244494129543,0.418196863604145,0.35556453329036075,54.23042268957447,0.9801556095267374,0.15702580180247655,404.06616820070326,0.0024748421884786234,33,2021-11-14
2021-11-15T12:00:00.000+08:00,0.126,1.3712818282790247,0.36710391381388213,0.0647830436142145,0.259132174456858,0.10797173935702416,0.3825456360524778,0.9362277015422712,0.275,10.0,0.0023697547596884115,0.023805286036689913,0.03465,0.0,0.0,0.0,0.19063876563944052,0.7625550625577621,0.3177312760657344,1.1040916246601864,1.294730390299627,0.1784812933794691,0.7139251735178764,0.29746882229911537,1.0351992818536817,1.2136805752331508,0.006856409141395123,54.999999999903956,311.25161938043163,291.40238821385134,0.9362277015422712,1.6027131351733837,291.40238821385134,19.8492311665803,1373.8673268189013,1082.46493860505,23,12,4,8,2,10,5,0.7,0.30000000000000004,0.9,0.09999999999999998,2.500353851149392,0.9330724793218476,vegetative,0.45,0.0026663514478499346,0.28263405170093875,0.0,0.14779070275395426,0.43042475445489303,0.7061847774463328,0.9954741799934793,0.2,false,0.0,0.19909483599869587,0.039,0.08920340969190901,0.6169813677544238,0.7,0.43188695742809663,0.0,44.0098,12.0107,30.031,18.01528,0.3999433918284439,55.0,0.9,-15.0,true,5.485765650642063e-18,0.9999999999982537,1.5,0.0,0.0,0.85746494172315,0.7452481934502336,420.0606382347187,143.72099255597092,19.778553813301873,17.685614668604032,5.0260474559623605,0.9330724793218476,0.8343360431169122,142.2389882030783,1.9539729578714886,0.20499501304566922,408.1693698766244,0.0024499633578635893,34,2021-11-15
2021-11-16T12:00:00.000+08:00,0.126,1.5654470982648765,0.33019648115473027,0.05826996726259946,0.23307986905039785,0.09711661210433244,0.41512131563495525,0.941130154919547,0.275,10.0,0.001780245217210657,0.02203729971397513,0.03465,0.0,0.0,0.0,0.21947720099846332,0.8779088039938533,0.3657953349974391,1.2657414387052675,1.4852186397037308,0.20655661217699234,0.8262264487079694,0.34426102029498745,1.192524768716932,1.3990813808939244,0.007827235491324382,54.9999999999037,337.1714523701205,317.32222120354015,0.941130154919547,1.745272216616415,317.32222120354015,19.8492311665803,1467.543755747672,1150.2215345441318,24,12,3,9,2,10,5,0.7,0.30000000000000004,0.9,0.09999999999999998,2.500353851149392,1.5193831019384698,vegetative,0.45,0.0020030593431793284,0.2846233178357894,0.0,0.1824542632731388,0.4670775811089282,0.707484130126632,0.8078327382740547,0.2,false,0.0,0.16156654765481093,0.039,0.15253206095901808,0.554952069167614,0.7,0.38846644841732975,0.0,44.0098,12.0107,30.031,18.01528,0.3999433918284439,55.0,0.9,-15.0,true,3.293256391391393e-20,0.9999999999982491,1.5,0.0,0.0,0.8861739713747848,0.8590982452416301,1094.9585355230986,367.7599007362715,32.20671610264668,29.02816290752571,9.068437292617018,1.5193831019384698,1.3694317688721824,256.64010465216217,2.721198112430803,0.26283824091396524,384.0620470329413,0.002603745951273934,35,2021-11-16
2021-11-17T12:00:00.000+08:00,0.126,1.5276451084723626,0.30504146368552526,0.05383084653273975,0.215323386130959,0.08971807755456625,0.37160799350192036,0.9349367994282876,0.275,10.0,0.002016811687099507,0.02027213439241498,0.03465,0.0,0.0,0.0,0.24936257571724518,0.9974503028689807,0.4156042928620755,1.4333267301234711,1.6826893058407162,0.23313824843827524,0.932552993753101,0.38856374739712557,1.3413888755426415,1.5745271239809169,0.007638225542361813,54.99999999990364,370.6308257692957,346.5163980142086,0.9349367994282876,1.9058401890748087,346.5163980142086,24.114427755087085,1467.543755747672,1121.0273577334635,24,13,4,9,2,11,5,0.7,0.30000000000000004,0.9,0.09999999999999998,2.500353851149392,0.9306936401430034,vegetative,0.45,0.0022692342909970595,0.2866094098951448,0.0,0.13150875505654638,0.4181181649516912,0.6280030840833897,0.9948689408127233,0.2,false,0.0,0.19897378816254466,0.039,0.11532835520015393,0.5126747288832357,0.7,0.358872310218265,0.0,44.0098,12.0107,30.031,18.01528,0.3999433918284439,55.0,0.9,-15.0,true,5.766738525877551e-18,0.9999999999982481,1.5,0.0,0.0,0.9137184738845368,0.9921217151902719,345.572375514981,113.67865897675577,19.72812900734654,17.19933326258905,4.5978437472316225,0.9306936401430034,0.8113952456530822,130.12066604071825,1.5365768685004535,0.20001336981526985,371.5782377360004,0.0026912232699442475,36,2021-11-17
2021-11-18T12:00:00.000+08:00,0.126,1.2984568825520308,0.11883668954120406,0.020971180507271304,0.08388472202908522,0.03495196751211884,0.3184578400010047,0.923802152857069,0.275,10.0,0.0016299925823095947,0.018732925773108894,0.03465,0.0,0.0,0.0,0.2687483830771882,1.0749935323087527,0.4479139717953139,1.5416404298771755,1.8103888129543637,0.24827033486356273,0.9930813394542509,0.41378389143927147,1.4255981566666311,1.6738684915301938,0.006492284412760154,54.99999999990355,398.9160647729146,368.51951944648846,0.923802152857069,2.0268573569521324,368.51951944648846,30.39654532642613,1562.1674579236574,1193.647938477169,25,13,3,10,2,11,5,0.7,0.30000000000000004,0.9,0.09999999999999998,2.500353851149392,0.6974974375467682,vegetative,0.45,0.0018340012037352318,0.2883412646846968,0.0,0.06997451431915627,0.35831577900385303,0.2922544589283658,0.8701217322119794,0.2,false,0.0,0.1740243464423959,0.039,0.09252893028768673,0.1997255286406791,0.7,0.13980787004847536,0.0,44.0098,12.0107,30.031,18.01528,0.3999433918284439,55.0,0.9,-15.0,true,2.2279602658451476e-16,0.9999999999982464,1.5,0.0,0.0,0.9301899620475607,1.0966673949045718,210.1833701125878,68.1111839750916,14.78501500031949,12.660957808623122,2.556733123597203,0.6974974375467682,0.5972929772618792,72.3564860443865,0.8504225240057497,0.17901352325511113,371.0869440452973,0.0026947862651776114,37,2021-11-18
2021-11-19T12:00:00.000+08:00,0.126,1.6444996508053338,0.3235794699485522,0.05710225940268567,0.2284090376107427,0.09517043233780946,0.38237580793676945,0.9161116269145508,0.275,10.0,0.001724517814040327,0.01739562921865946,0.03465,0.0,0.0,0.0,0.2801241767628043,1.1204967070512173,0.46687362793800763,1.6047659642078844,1.8848901409706889,0.2566250153122719,1.0265000612490875,0.4277083588537869,1.4716040493215339,1.7282290646338057,0.00822249825402667,54.99999999990328,430.89410162651365,394.7470964689492,0.9161116269145508,2.1711090305754026,394.7470964689492,36.14700515756442,1657.5532091770328,1262.8061127080837,26,14,4,10,2,12,5,0.7,0.30000000000000004,0.9,0.09999999999999998,2.500353851149392,0.9968675631186654,vegetative,0.45,0.001940357140970158,0.28984593625021776,0.0,0.14038773453226006,0.4302336707824778,0.668033044936938,0.9913512137810565,0.2,false,0.0,0.1982702427562113,0.039,0.12420200300659819,0.5438310419303398,0.7,0.38068172935123784,0.0,44.0098,12.0107,30.031,18.01528,0.3999433918284439,55.0,0.9,-15.0,true,7.381166392532805e-18,0.9999999999982415,1.5,0.0,0.0,0.9473862331223611,1.2237227974530414,335.59685157903675,106.80850405220724,21.130833004749327,18.26451509219755,4.340742643407122,0.9968675631186654,0.8616462326596788,122.84461041364587,1.2576059604543208,0.20182900795923778,384.5563301658304,0.002600399269383434,38,2021-11-19
2021-11-20T12:00:00.000+08:00,0.126,1.478063062063979,0.21824512889680706,0.03851384627590713,0.1540553851036285,0.06418974379317854,0.35232339055471323,0.9140313604126085,0.275,10.0,0.001590440118928427,0.01603763611212169,0.03465,0.0,0.0,0.0,0.3010738873435534,1.2042955493742136,0.5017898122392562,1.7221229977255916,2.023196885069145,0.27519097483334054,1.1007638993333622,0.45865162472223475,1.5754531601677186,1.8506441350010592,0.0073903153103198945,54.999999999903196,461.7471853688079,422.05140800934436,0.9140313604126085,2.3212827440473083,422.05140800934436,39.69577735946357,1657.5532091770328,1235.5018011676884,26,14,3,11,3,11,5,0.7,0.30000000000000004,0.9,0.09999999999999998,2.500353851149392,0.9519112480569336,vegetative,0.45,0.0017894983843733353,0.2913738947324126,0.0,0.10504602115815734,0.3964199158905699,0.5000320153391049,0.991692359029351,0.2,false,0.0,0.19833847180587022,0.039,0.13323347937808463,0.3667985359610203,0.7,0.2567589751727142,0.0,44.0098,12.0107,30.031,18.01528,0.3999433918284439,55.0,0.9,-15.0,true,7.223984524605806e-18,0.99999999999824,1.5,0.0,0.0,0.962209533783511,1.3590732102637972,298.6321869400661,93.29153704731799,20.177883564698885,17.09940368320536,4.281663517454442,0.9519112480569336,0.8066809707231178,121.1726494596239,1.2248034160063943,0.18943332388785683,383.41683286029325,0.0026081275371766816,39,2021-11-20
2021-11-21T12:00:00.000+08:00,0.126,1.6390614011069562,0.1923037948765996,0.03393596380175287,0.1357438552070115,0.05655993966958812,0.4874809021162407,0.9201503712639244,0.275,10.0,0.0007044536202360982,0.014862896838156042,0.03465,0.0,0.0,0.0,0.31730344392947646,1.2692137757179058,0.5288390732157945,1.8129157457718563,2.1302191897013327,0.2919668817350296,1.1678675269401184,0.48661146955838297,1.6693418933366573,1.9613087750716869,0.008195307005534782,54.999999999903004,497.13164591746215,457.4358685579986,0.9201503712639244,2.5158972770645556,457.4358685579986,39.69577735946357,1753.52164612053,1296.0857775625313,27,15,4,11,3,12,5,0.7,0.30000000000000004,0.9,0.09999999999999998,2.500353851149392,1.9289285960518567,vegetative,0.45,0.0007926224950410567,0.29269566347290316,0.0,0.2557979744627518,0.548493637935655,0.581952154673081,0.4739679134606009,0.2,false,0.0,0.09479358269212018,0.039,0.25875249941829176,0.3231996552547893,0.7,0.22623975867835247,0.0,44.0098,12.0107,30.031,18.01528,0.3999433918284439,55.0,0.9,-15.0,true,2.7802391602660457e-21,0.9999999999982364,1.5,0.0,0.0,0.9786237009893056,1.53727357607525,1066.38859218861,325.1400049153721,40.88794695429885,35.42393794814839,12.005186920492907,1.9289285960518567,1.6711586661302376,339.75119728208114,2.669357778288405,0.25425340111468797,391.6847228011447,0.0025530737906969436,40,2021-11-21
2021-11-22T12:00:00.000+08:00,0.126,1.286414377108917,0.07501575021421358,0.013238073567214162,0.05295229426885665,0.022063455945356938,0.31912688228385594,0.9248449697335588,0.275,10.0,0.0009901504254508809,0.013755761687204977,0.03465,0.0,0.0,0.0,0.35185417853203044,1.4074167141281217,0.5864236308867177,2.0075961067020445,2.359450285234075,0.32541056709508187,1.3016422683803275,0.54235094515847,1.8577489752260026,2.1831595423210843,0.006432071885544585,54.9999999999029,528.1852354890038,488.48945812954037,0.9248449697335588,2.6866920197077286,488.48945812954037,39.69577735946357,1753.52164612053,1265.0321879909898,27,15,3,12,3,12,5,0.7,0.30000000000000004,0.9,0.09999999999999998,2.500353851149392,0.4935643834259408,vegetative,0.45,0.0011140768932719936,0.2939413668101938,0.0,0.06512719129548823,0.359068558105682,0.2250194824923625,0.7198077779814087,0.2,false,0.0,0.14396155559628174,0.039,0.09894259137603713,0.12607689111632536,0.7,0.08825382378142775,0.0,44.0098,12.0107,30.031,18.01528,0.3999433918284439,55.0,0.9,-15.0,true,2.951538013239219e-15,0.9999999999982345,1.5,0.0,0.0,0.9891755104166816,1.697516509291047,112.0743845243633,33.468713289127294,10.46219874046002,8.128949521722063,2.4489233837259867,0.4935643834259408,0.3834910861589056,69.30543082613077,0.778760361302158,0.13458463360320555,375.28702777713454,0.0026646271413192928,41,2021-11-22
2021-11-23T12:00:00.000+08:00,0.126,1.062787456800399,0.02949695006561471,0.005205344129226124,0.020821376516904497,0.008675573548710208,0.30479454695902186,0.9283471796184497,0.275,10.0,0.0007614606100833722,0.013052051232886084,0.03465,0.0,0.0,0.0,0.35579365702552485,1.4231746281020994,0.5929894283758751,2.0292161077108606,2.3850097647363855,0.33030003802578,1.32120015210312,0.5505000633763003,1.8847522667123064,2.2150523047380863,0.005313937284001995,54.99999999989609,554.0016031202135,514.3058257607499,0.9283471796184497,2.828682041678781,514.3058257607499,39.69577735946357,1849.899206232047,1335.593380471297,28,16,4,12,3,13,5,0.7,0.30000000000000004,0.9,0.09999999999999998,2.500353851149392,0.33001168849835577,vegetative,0.45,0.0008567644360142364,0.2947331531252415,0.0,0.04820924555900449,0.34294239868424603,0.1350020132652566,0.5834030195688997,0.2,false,0.0,0.11668060391377995,0.039,0.08542730727262683,0.04957470599262977,0.7,0.03470229419484083,0.0,44.0098,12.0107,30.031,18.01528,0.3999433918284439,55.0,0.9,-15.0,true,2.4007142612146707e-14,0.9999999999981107,1.5,0.0,0.0,0.9951338103353099,1.833548231343471,68.32290444918934,20.06436087079819,6.99533432250227,4.879485326084664,1.5571186924997438,0.33001168849835577,0.230194457795141,44.0670306585649,0.5151264448814066,0.11988397044286178,389.2716973594537,0.002568899837268671,42,2021-11-23
2021-11-24T12:00:00.000+08:00,0.126,1.4276178160555244,0.20567199586533896,0.03629505809388335,0.1451802323755334,0.06049176348980558,0.38049394674350157,0.9293288853234536,0.275,10.0,0.0008662200815096015,0.012404124111830176,0.03465,0.0,0.0,0.0,0.35977395029718046,1.4390958011887218,0.5996232504953006,2.0511231757958526,2.410897126093033,0.3343483241980943,1.3373932967923772,0.5572472069968237,1.9070446279010311,2.2413929520991256,0.007138089080277622,54.99999999988667,576.4202775177498,535.6840139834062,0.9293288853234536,2.9462620769026633,535.6840139834062,40.736263534343536,1849.899206232047,1314.2151922486407,28,16,4,12,3,13,5,0.7,0.30000000000000004,0.9,0.09999999999999998,2.500353851149392,0.6355103584966733,vegetative,0.45,0.0009746355225354626,0.29546217430781985,0.0,0.13265410297779578,0.42811627728561563,0.4446559103396983,0.6983323237498584,0.2,false,0.0,0.13966646474997169,0.039,0.09898869039795213,0.3456672199417462,0.7,0.24196705395922233,0.0,44.0098,12.0107,30.031,18.01528,0.3999433918284439,55.0,0.9,-15.0,true,4.1336111480029e-15,0.9999999999979394,1.5,0.0,0.0,0.9980383986168874,1.948223678285776,140.83935287682306,40.80881562840136,13.47106050493387,11.001360637809249,3.571758958422417,0.6355103584966733,0.5189998694107764,101.08208981368794,1.0156530060253794,0.13764144362169714,400.5433669124843,0.002496608563782539,43,2021-11-24
2021-11-25T12:00:00.000+08:00,0.126,1.3740635395880392,0.12148888978901744,0.021439215845120724,0.0857568633804829,0.03573202640853454,0.3350441002496034,0.9228171130288473,0.275,10.0,0.0009859563866554898,0.011657324015021647,0.03465,0.0,0.0,0.0,0.3737434868582165,1.494973947432866,0.6229058114303605,2.1295370828782483,2.503280569736465,0.3448968855558343,1.3795875422233372,0.5748281425930568,1.9660730088314158,2.31096989438725,0.006870317697940196,54.99999999988543,602.3595275885014,555.8676802546411,0.9228171130288473,3.0572722413941573,555.8676802546411,46.49184733386028,1946.5180715253775,1390.6503912707365,29,16,3,13,3,13,5,0.7,0.30000000000000004,0.9,0.09999999999999998,2.500353851149392,0.9286096870223773,vegetative,0.45,0.0011093579317977267,0.2963024433319621,0.0,0.08067551953182836,0.3769779628637905,0.32752303136462085,0.8457827760341781,0.2,false,0.0,0.16915655520683562,0.039,0.12334002331585206,0.2041830080487688,0.7,0.14292810563413816,0.0,44.0098,12.0107,30.031,18.01528,0.3999433918284439,55.0,0.9,-15.0,true,3.535789059597423e-16,0.9999999999979169,1.5,0.0,0.0,0.9996652831500574,2.0576069582441,223.1968543764668,63.87141416223351,19.68395496957325,16.59235645640693,3.830374888515818,0.9286096870223773,0.7827605255023504,108.40101558030982,0.9031084270028327,0.16574914854248307,402.92309349126714,0.002481863204551401,44,2021-11-25
2021-11-26T12:00:00.000+08:00,0.126,1.434443772643061,0.10599685375392617,0.018705327133045794,0.07482130853218318,0.03117554522174299,0.338277423943997,0.9171207161398142,0.275,10.0,0.0007754248966261628,0.010889161173844038,0.03465,0.0,0.0,0.0,0.3882894001584968,1.5531576006339871,0.6471490002641609,2.211195762071992,2.599485162230489,0.35610825274285945,1.4244330109714378,0.5935137545714321,2.028835926716714,2.3849441794595734,0.007172218863215305,54.99999999988489,636.6045949067839,583.8432619788059,0.9171207161398142,3.211137940876712,583.8432619788059,52.76133292797809,1946.5180715253775,1362.6748095465716,29,17,4,13,3,14,5,0.7,0.30000000000000004,0.9,0.09999999999999998,2.500353851149392,0.45174533445088005,vegetative,0.45,0.0008724764819503555,0.29716674884517386,0.0,0.08344921802669698,0.3806159668718708,0.2852389464150103,0.7121070982848039,0.2,false,0.0,0.14242141965696078,0.039,0.10709297371933604,0.17814597269567425,0.7,0.12470218088697196,0.0,44.0098,12.0107,30.031,18.01528,0.3999433918284439,55.0,0.9,-15.0,true,3.3320955318289265e-15,0.9999999999979071,1.5,0.0,0.0,1.0026630513202606,2.2084748895564514,92.36643599509782,25.967403544281876,9.57575065747894,6.772485190111417,1.5242081772837555,0.45174533445088005,0.3194985643116139,43.135650995611755,0.42175005374751223,0.12749707707205202,409.87765481553623,0.0024397524194141444,45,2021-11-26
2021-11-27T12:00:00.000+08:00,0.126,1.30503423728377,0.0808627096657293,0.014269889941011051,0.057079559764044205,0.023783149901685088,0.3286630459217808,0.91209252022107,0.275,10.0,0.0007237619033546423,0.010276075872543158,0.03465,0.0,0.0,0.0,0.3950419620315028,1.5801678481260113,0.6584032700525042,2.248847194051059,2.6438891560825617,0.3603148187423897,1.4412592749695587,0.6005246979039823,2.0520600487460845,2.412374867488474,0.00652517118641885,54.999999999881936,662.9104026450906,604.6356198293249,0.91209252022107,3.325495909054149,604.6356198293249,58.27478281576575,2043.2161155253775,1438.5804956960526,30,17,4,13,3,14,5,0.7,0.30000000000000004,0.9,0.09999999999999998,2.500353851149392,0.366661035757729,vegetative,0.45,0.0008143473880655972,0.29785656743255967,0.0,0.07194169323789668,0.36979826067045635,0.24321497415583299,0.7043173992987688,0.2,false,0.0,0.14086347985975375,0.039,0.1073112604319182,0.1359037137239148,0.7,0.09513259960674035,0.0,44.0098,12.0107,30.031,18.01528,0.3999433918284439,55.0,0.9,-15.0,true,3.764825058289971e-15,0.9999999999978534,1.5,0.0,0.0,1.0028947544080085,2.3226011546461405,72.42094102292526,20.104845763229804,7.7721990388603865,4.90085410109436,1.6476587417438826,0.366661035757729,0.23120255050342273,46.62934729191222,0.4757950718514933,0.11743090465530158,419.5189792219,0.002383682382748793,46,2021-11-27
2021-11-28T12:00:00.000+08:00,0.126,1.89724368423308,0.27634151299200604,0.04876614935153048,0.19506459740612192,0.08127691558588414,0.38631850117672034,0.9070824386818055,0.275,10.0,0.0009130607530603435,0.009609635749595806,0.03465,0.0,0.0,0.0,0.4038662551705474,1.6154650206821897,0.6731104252842454,2.298185081716031,2.702051336886578,0.3663399876413885,1.465359950565554,0.6105666460689805,2.08553623238413,2.4518762200255186,0.0094862184211654,54.99999999988113,693.0439590948718,628.6480045294697,0.9070824386818055,3.4575640249046113,628.6480045294697,64.39595456540195,2043.2161155253775,1414.5681109959078,30,18,4,14,3,15,5,0.7,0.30000000000000004,0.9,0.09999999999999998,2.500353851149392,1.1517885987981924,vegetative,0.45,0.0010273387366115073,0.298606418690147,0.0,0.13606340979421622,0.4346698284843632,0.6205479382465409,0.9501512615592616,0.2,false,0.0,0.19003025231185233,0.039,0.15610842061291716,0.4644395176336237,0.7,0.32510766234353655,0.0,44.0098,12.0107,30.031,18.01528,0.3999433918284439,55.0,0.9,-15.0,true,3.5793154995874865e-17,0.9999999999978388,1.5,0.0,0.0,1.0032601652268165,2.454303859677795,281.31255036232335,76.95737967048942,24.414730139104588,20.33396800471828,5.9781094795169345,1.1517885987981924,0.9592746830590482,169.1826929977242,1.2736676260289785,0.1656570081231226,429.00585913163775,0.0023309704954242974,47,2021-11-28
2021-11-29T12:00:00.000+08:00,0.126,1.894674053960417,0.42817449360361026,0.07556020475357828,0.3022408190143131,0.12593367458929713,0.43535587265270853,0.9100368757357626,0.275,10.0,0.0008779722202992127,0.008906024194998887,0.03465,0.0,0.0,0.0,0.424634896642623,1.698539586570492,0.7077248277377046,2.4151704385031953,2.8398053351458183,0.38643341466903114,1.5457336586761246,0.6440556911150516,2.198695373986175,2.585128788655206,0.009473370269802085,54.99999999988093,731.8417147780076,666.0029476496811,0.9100368757357626,3.663016212065316,666.0029476496811,65.83876712832648,2139.8368532859163,1473.8339056362352,31,18,4,14,4,14,5,0.7,0.30000000000000004,0.9,0.09999999999999998,2.500353851149392,0.8540242279916304,vegetative,0.45,0.0009878585500022934,0.2993980937272593,0.0,0.19044658603620757,0.48984467976346685,0.9011795611397937,0.9858183641497757,0.2,false,0.0,0.19716367282995517,0.039,0.18155856348666718,0.7196209976531265,0.7,0.5037346983571885,0.0,44.0098,12.0107,30.031,18.01528,0.3999433918284439,55.0,0.9,-15.0,true,1.0020486765748776e-17,0.9999999999978351,1.5,0.0,0.0,1.005247596109514,2.657768615955802,193.94668169510442,51.8296527046882,18.102949690966703,13.334790012141468,5.417571599405962,0.8540242279916304,0.6290816656929838,153.31926520180676,1.2666989507541453,0.14059860570699326,430.86526835424746,0.002320911137302028,48,2021-11-29
2021-11-30T12:00:00.000+08:00,0.126,2.0534429153846805,0.2916289040351167,0.051463924241491175,0.2058556969659647,0.08577320706915197,0.4007050030061046,0.9143764852516348,0.275,10.0,0.0007414310807880328,0.008219138505916965,0.03465,0.0,0.0,0.0,0.4564110029791359,1.8256440119165436,0.7606850049652262,2.594548155387687,3.0509591583668225,0.4173314887342357,1.6693259549369428,0.6955524812237259,2.373097574666586,2.7904290634008215,0.010267214576923402,54.99999999988074,768.9332459875875,703.094478859261,0.9143764852516348,3.867019633717551,703.094478859261,65.83876712832648,2236.229394210654,1533.134915351393,32,19,4,15,4,15,5,0.7,0.30000000000000004,0.9,0.09999999999999998,2.500353851149392,0.6842287735947162,vegetative,0.45,0.0008342280261945963,0.30017094950235723,0.0,0.15068598434615688,0.4508569338485141,0.6524670515458039,0.9020788252373116,0.2,false,0.0,0.18041576504746235,0.039,0.16233443972207834,0.49013261182372553,0.7,0.34309282827660786,0.0,44.0098,12.0107,30.031,18.01528,0.3999433918284439,55.0,0.9,-15.0,true,1.156804529438876e-16,0.9999999999978316,1.5,0.0,0.0,1.0059884706976103,2.8610311630199403,140.25634574708243,36.63594253242357,14.503756052244391,10.273202739919642,4.8185166943316435,0.6842287735947162,0.4846483136026929,136.36579145877377,1.1417905626042857,0.127564418037499,421.184656465621,0.002374255530558779,49,2021-11-30
2021-12-01T12:00:00.000+08:00,0.126,1.6454028928926914,0.2213359836884971,0.039059291239146546,0.15623716495658618,0.06509881873191091,0.3948924341574305,0.918033077662795,0.275,10.0,0.0005666001376983776,0.007716292220558121,0.03465,0.0,0.0,0.0,0.4734890025041777,1.8939560100167108,0.7891483375069621,2.690820639744231,3.1643096422484085,0.43467856620839707,1.7387142648335883,0.7244642770139945,2.470894834068141,2.905573400276538,0.008227014464463457,54.99999999987749,803.2358084334458,737.3970413051194,0.918033077662795,4.055683727169123,737.3970413051194,65.83876712832648,2236.229394210654,1498.8323529055347,32,19,4,15,4,15,5,0.7,0.30000000000000004,0.9,0.09999999999999998,2.500353851149392,0.591195205758654,vegetative,0.45,0.0006375153763601613,0.3007367316431171,0.0,0.14358013669776298,0.4443168683408801,0.5060618622418329,0.7342906690195247,0.2,false,0.0,0.14685813380390494,0.039,0.13406861234519912,0.3719932498966338,0.7,0.26039527492764364,0.0,44.0098,12.0107,30.031,18.01528,0.3999433918284439,55.0,0.9,-15.0,true,2.3455651967156633e-15,0.9999999999977726,1.5,0.0,0.0,1.0055135555683261,3.050170171600797,111.33945299043864,28.488676034768943,12.531701931404502,9.016271790339152,5.723110792643473,0.591195205758654,0.42535137569044434,161.9661365422279,1.3817625607228383,0.11613891390502437,424.1047860590799,0.002357907839928727,50,2021-12-01
2021-12-02T12:00:00.000+08:00,0.126,1.6758577920414972,0.6197686903826777,0.109370945361649,0.437483781446596,0.18228490893608168,0.5036911160961391,0.920636713659944,0.275,10.0,0.0007176734282598665,0.007291530240909048,0.03465,0.0,0.0,0.0,0.4952935406845596,1.9811741627382384,0.8254892344742651,2.8139549274534126,3.309248468137972,0.45598541759283073,1.823941670371323,0.7599756959880505,2.5912088966002824,3.047194314193113,0.008379288960207487,54.999999999857536,829.5872079467624,763.7484408184359,0.920636713659944,4.2006164244905175,763.7484408184359,65.83876712832648,2236.229394210654,1472.480953392218,32,19,3,16,4,15,5,0.7,0.30000000000000004,0.9,0.09999999999999998,2.500353851149392,1.8340899495947312,vegetative,0.45,0.000807496884097715,0.3012146565063539,0.0,0.26551805335796885,0.5667327098643227,1.254421469222084,0.9842562597263436,0.2,false,0.0,0.19685125194526873,0.039,0.21279341815876013,1.041628051063324,0.7,0.7291396357443267,0.0,44.0098,12.0107,30.031,18.01528,0.3999433918284439,55.0,0.9,-15.0,true,1.080740636782638e-17,0.9999999999974097,1.5,0.0,0.0,1.003749040279632,3.1968673842108855,480.2579100300257,121.02036578246499,38.877630163125005,33.63733292205805,11.844024551645985,1.8340899495947312,1.5868738393945268,335.19024307688136,2.0786393087858652,0.16703400656383408,418.7351236199072,0.0023881445419604123,51,2021-12-02
2021-12-03T12:00:00.000+08:00,0.126,2.1676125246184914,0.830514509787821,0.1465613840802037,0.5862455363208148,0.24426897346700618,0.5734778863861202,0.9158917276967032,0.275,10.0,0.0006905721460215076,0.006918315096900013,0.03465,0.0,0.0,0.0,0.5446699320003144,2.1786797280012578,0.9077832200005232,3.093381263098681,3.6380511950989955,0.4988586850442139,1.9954347401768555,0.8314311417403557,2.8337841970141113,3.3326428820583254,0.010838062623092457,54.999999999630575,857.735725408195,785.5930554512968,0.9158917276967032,4.3207618049531105,785.5930554512968,72.14266995689829,2332.248397457379,1546.655342006082,33,20,4,16,4,16,5,0.7,0.30000000000000004,0.9,0.09999999999999998,2.500353851149392,1.5177226122151681,vegetative,0.45,0.0007770036261606196,0.30163458297153756,0.0,0.34361935582700953,0.6452539387985471,1.6463705001767055,0.998179667085331,0.2,false,0.0,0.1996359334170662,0.039,0.2505477946509559,1.3958227055257497,0.7,0.9770758938680247,0.0,44.0098,12.0107,30.031,18.01528,0.3999433918284439,55.0,0.9,-15.0,true,4.147089130888547e-18,0.9999999999932832,1.5,0.0,0.0,1.001427683543324,3.3193341214097867,373.14558625184054,92.87960573775659,32.171518316595055,26.46319471146785,13.17626295933553,1.5177226122151681,1.2484269038782012,372.89307911718515,2.6582309361231715,0.13842753954445403,393.69518813813454,0.002540036124721782,52,2021-12-03
2021-12-04T12:00:00.000+08:00,0.126,2.150356884671693,0.6788232809237008,0.11979234369241779,0.47916937476967114,0.19965390615402964,0.5314512459874069,0.9107924681164462,0.275,10.0,0.0006436748609714221,0.006573984139352352,0.03465,0.0,0.0,0.0,0.5988920376652784,2.3955681506611137,0.9981533961087972,3.400295530909263,3.9991875685745413,0.5454663571204466,2.181865428481786,0.9091105952007441,3.0975500078218827,3.643016364942329,0.010751784423358467,54.99999999943821,884.2958649855059,805.4100134153166,0.9107924681164462,4.429755073738994,805.4100134153166,78.88585157018915,2332.248397457379,1526.8383840420622,33,20,4,16,4,16,5,0.7,0.30000000000000004,0.9,0.09999999999999998,2.500353851149392,1.6584080490736104,vegetative,0.45,0.0007242367128830751,0.3020220101276359,0.0,0.29594526619360406,0.59796727632124,1.3908827818334368,0.9791244507548125,0.2,false,0.0,0.1958248901509625,0.039,0.25000331809612447,1.1408794637373123,0.7,0.7986156246161186,0.0,44.0098,12.0107,30.031,18.01528,0.3999433918284439,55.0,0.9,-15.0,true,1.3558744285266454e-17,0.9999999999897856,1.5,0.0,0.0,0.9989223317191019,3.430832742019892,404.20444864902294,99.51512130794661,35.15366016000938,29.743940218960837,12.652523216357796,1.6584080490736104,1.4031992585057682,358.0710521129247,2.3606510392675726,0.14575725895010688,369.1382625626674,0.0027090120462119074,53,2021-12-04
2021-12-05T12:00:00.000+08:00,0.126,1.7070250035453423,0.3721697666972003,0.06567701765244711,0.26270807060978846,0.10946169608741185,0.4418207176332774,0.906351225795509,0.275,10.0,0.0006193024595514601,0.006197349559206007,0.03465,0.0,0.0,0.0,0.6387729879786855,2.555091951914742,1.0646216466311422,3.6259109481050906,4.2646839360837765,0.5789526806595415,2.315810722638166,0.964921134432569,3.2869292066299414,3.8658818872894827,0.008535125017726712,54.99999999943064,913.4985070518662,827.9504916288264,0.906351225795509,4.553727703911405,827.9504916288264,85.54801542303983,2427.7540297259984,1599.803538097172,34,20,3,17,4,16,5,0.7,0.30000000000000004,0.9,0.09999999999999998,2.500353851149392,1.939023327768942,vegetative,0.45,0.0006968138803946027,0.3024457840029612,0.0,0.1946728757804178,0.497118659783379,0.9337776903006108,0.9993021268769676,0.2,false,0.0,0.19986042537539353,0.039,0.3082822840868286,0.6254954062137821,0.7,0.4378467843496474,0.0,44.0098,12.0107,30.031,18.01528,0.3999433918284439,55.0,0.9,-15.0,true,1.9297812873772152e-18,0.9999999999896481,1.5,0.0,0.0,0.9966089138660232,3.557118790045382,503.7735045832063,122.48255777826208,41.10192732409065,34.645679706613706,12.45342063638543,1.939023327768942,1.6344435779818094,352.43637600371045,1.9852647697845098,0.17354694408402074,357.5207954325503,0.0027970400960596977,54,2021-12-05
2021-12-06T12:00:00.000+08:00,0.126,1.7502558426207904,0.2992114874431095,0.05280202719584285,0.2112081087833714,0.08800337865973809,0.4184629235115982,0.902435010996566,0.275,10.0,0.0005384502670066792,0.005807439584280567,0.03465,0.0,0.0,0.0,0.6676006921564969,2.6704027686259875,1.1126678202608282,3.788878028471096,4.456478720627593,0.6024662379675633,2.409864951870253,1.0041103966126057,3.419782788067139,4.022249026034703,0.008751279213103952,54.9999999994288,948.8732440048716,856.2964363878835,0.902435010996566,4.709630400084448,856.2964363878835,92.5768076169881,2427.7540297259984,1571.4575933381147,34,21,4,17,4,17,5,0.7,0.30000000000000004,0.9,0.09999999999999998,2.500353851149392,1.3323510846906044,vegetative,0.45,0.000605842289443156,0.30288449481129404,0.0,0.1679529272531621,0.4708374220644561,0.7474630198310773,0.9271732562903332,0.2,false,0.0,0.18543465125806666,0.039,0.24458657034685957,0.5028764494842177,0.7,0.35201351463895236,0.0,44.0098,12.0107,30.031,18.01528,0.3999433918284439,55.0,0.9,-15.0,true,6.520470793337216e-17,0.9999999999896146,1.5,0.0,0.0,0.9946069654066668,3.7150234346777813,280.3892561515465,67.09200721026198,28.242155042113197,22.898627186350623,7.230018600801534,1.3323510846906044,1.0802649700126143,204.61218074181912,1.198871324059867,0.15404715778168532,355.3296360957186,0.0028142881944432582,55,2021-12-06
2021-12-07T12:00:00.000+08:00,0.126,1.608625614497726,0.11391021281421392,0.020101802261331864,0.08040720904532746,0.033503003768886444,0.3602980548785753,0.9003591779019864,0.275,10.0,0.00045258088283861293,0.005446777286821036,0.03465,0.0,0.0,0.0,0.6866484876079821,2.7465939504319286,1.1444141460133037,3.8964548737320532,4.583103361340036,0.618230267810365,2.47292107124146,1.030383779683942,3.508751628212223,4.126981896022588,0.00804312807248863,54.99999999942747,983.0100204089126,885.0620938447835,0.9003591779019864,4.867841516095638,885.0620938447835,97.94792656412912,2522.6119252481576,1637.5498314033741,35,21,4,17,5,16,5,0.7,0.30000000000000004,0.9,0.09999999999999998,2.500353851149392,1.3014408492258271,vegetative,0.45,0.0005092255590129529,0.30329029732528173,0.0,0.10210238575949467,0.4053926830847764,0.4072243276663632,0.8309149778047152,0.2,false,0.0,0.16618299556094307,0.039,0.21577859184415493,0.19144573582220825,0.7,0.13401201507554578,0.0,44.0098,12.0107,30.031,18.01528,0.3999433918284439,55.0,0.9,-15.0,true,4.63384273348801e-16,0.9999999999895904,1.5,0.0,0.0,0.9925827262971142,3.8752587897985236,260.1563020308026,61.2611923743214,27.5869436099192,22.821705375799805,7.587806217152585,1.3014408492258271,1.0766361089157825,214.737701638256,1.2536207018991627,0.14666819567565642,357.9014729331668,0.0027940650587563697,56,2021-12-07
2021-12-08T12:00:00.000+08:00,0.126,1.9992993431843868,0.6352977087757956,0.11211136037219921,0.44844544148879684,0.1868522672869987,0.537455022162092,0.9032694681859191,0.275,10.0,0.0005071949026925982,0.00512927068501434,0.03465,0.0,0.0,0.0,0.7041081857520837,2.8164327430083347,1.1735136429201398,3.995075656613489,4.6991838423655725,0.635999426489637,2.543997705958548,1.0599990441493954,3.609126020792958,4.245125447282595,0.009996496715921933,54.9999999994218,1012.5854239320015,914.6374973678725,0.9032694681859191,5.030506235470415,914.6374973678725,97.94792656412912,2522.6119252481576,1607.974427880285,35,22,3,18,5,17,5,0.7,0.30000000000000004,0.9,0.09999999999999998,2.500353851149392,1.6533063651466582,vegetative,0.45,0.0005706750277038505,0.30364754280984846,0.0,0.3010749377073073,0.6047224805171558,1.4290094614482451,0.9888245987376276,0.2,false,0.0,0.19776491974752552,0.039,0.3612822198082527,1.0677272416399926,0.7,0.7474090691479948,0.0,44.0098,12.0107,30.031,18.01528,0.3999433918284439,55.0,0.9,-15.0,true,8.294907455229013e-19,0.9999999999894873,1.5,0.0,0.0,0.990588335648701,4.039917899821714,392.3040843153367,90.8843710697897,35.04551858222979,27.602635636727506,15.67050700036194,1.6533063651466582,1.3021811358261823,443.48110118540245,2.7678552837933785,0.13763353704649148,359.5276423503094,0.0027814273012856127,57,2021-12-08
2021-12-09T12:00:00.000+08:00,0.126,2.2508590462529545,0.3726462221375567,0.06576109802427471,0.26304439209709884,0.10960183004045786,0.4475354553080958,0.907080077164396,0.275,10.0,0.000465059087692324,0.0047727092992303185,0.03465,0.0,0.0,0.0,0.7491652239568606,2.9966608958274423,1.2486087065947684,4.250042311721441,4.999207535678302,0.679552849155671,2.718211396622684,1.1325880819261192,3.8555721878480336,4.535125037003705,0.011254295231264772,54.99999999942101,1054.1111483424363,956.1632217783072,0.907080077164396,5.258897719725328,956.1632217783072,97.94792656412912,2616.6931478128167,1660.5299260345096,36,22,4,18,5,17,5,0.7,0.30000000000000004,0.9,0.09999999999999998,2.500353851149392,1.6540859324201236,vegetative,0.45,0.0005232655264155862,0.30404873114520076,0.0,0.1994999184972715,0.5035486496424723,0.9330976862738789,0.9744131865884286,0.2,false,0.0,0.19488263731768574,0.039,0.3068015146141196,0.6262961716597593,0.7,0.4384073201618314,0.0,44.0098,12.0107,30.031,18.01528,0.3999433918284439,55.0,0.9,-15.0,true,1.6341480217133498e-17,0.9999999999894729,1.5,0.0,0.0,0.9889691564481274,4.269928563277201,356.48368176301386,80.70824460806392,35.0620432505813,28.54545278984167,10.351357280524226,1.6540859324201236,1.346659450414575,292.9472113074869,1.543872767521479,0.15538512649477268,351.7619059968324,0.00284283199218566,58,2021-12-09
2021-12-10T12:00:00.000+08:00,0.126,2.0072791470233815,0.2533618536286627,0.04471091534623459,0.17884366138493837,0.07451819224372433,0.4126601006644623,0.9103400918581661,0.275,10.0,0.0004104079333722723,0.004435779715682046,0.03465,0.0,0.0,0.0,0.7721836409762755,3.088734563905102,1.2869727349604598,4.380143078581243,5.152326719557519,0.7029497266577157,2.811798906630863,1.1715828777628603,3.987817564109405,4.690767290767121,0.010036395735116908,54.99999999942056,1092.4383996600163,994.4904730958873,0.9103400918581661,5.469697601969756,994.4904730958873,97.94792656412912,2616.6931478128167,1622.2026747169293,36,22,3,19,5,17,5,0.7,0.30000000000000004,0.9,0.09999999999999998,2.500353851149392,1.110123300004669,vegetative,0.45,0.0004617742755373309,0.30442783057700673,0.0,0.15988049178343117,0.4643083223604379,0.7100394673331941,0.9252216288408902,0.2,false,0.0,0.18504432576817806,0.039,0.28422122594048366,0.42581824139271046,0.7,0.2980727689748973,0.0,44.0098,12.0107,30.031,18.01528,0.3999433918284439,55.0,0.9,-15.0,true,6.834932407125011e-17,0.9999999999894648,1.5,0.0,0.0,0.9872193822927939,4.4824782196769615,209.87295154044344,46.538515762154155,23.531541134197425,17.354991079333487,8.098291888573453,1.110123300004669,0.8187385542947945,229.1846335528581,1.3267713232016323,0.13160858055255698,353.6847783640046,0.002827376413046597,59,2021-12-10
2021-12-11T12:00:00.000+08:00,0.126,2.0121222053176058,0.6724604041250962,0.11866948308089932,0.4746779323235973,0.19778247180149888,0.5463367996019776,0.9080310646624616,0.275,10.0,0.0004079006706497844,0.0041273775357347775,0.03465,0.0,0.0,0.0,0.7912594975312951,3.1650379901251804,1.3187658292188253,4.487931196879741,5.279190694411036,0.7184882039676264,2.8739528158705054,1.197480339946044,4.075560533352284,4.794048737319911,0.01006061102658803,54.99999999941992,1133.285676146188,1029.0585990777408,0.9080310646624616,5.659822294867881,1029.0585990777408,104.2270770684473,2709.874154677016,1680.8155555992753,37,23,4,19,5,18,5,0.7,0.30000000000000004,0.9,0.09999999999999998,2.500353851149392,0.8332695147285678,vegetative,0.45,0.0004589532057355237,0.3047748321372571,0.0,0.3099410622719902,0.6147158944092472,1.4702817881977295,0.9882804931659052,0.2,false,0.0,0.19765609863318104,0.039,0.3400962350463072,1.1301855531514222,0.7,0.7911298872059955,0.0,44.0098,12.0107,30.031,18.01528,0.3999433918284439,55.0,0.9,-15.0,true,8.820968523342616e-18,0.9999999999894531,1.5,0.0,0.0,0.9854403815873717,4.674381913280509,154.8963525639407,33.722851319337266,17.66300721877049,10.292560526350266,9.289315325195965,0.8332695147285678,0.48556153597627877,262.8910340668194,1.6762229774961952,0.11506168188044728,358.0638462103785,0.0027927980179614544,60,2021-12-11
2021-12-12T12:00:00.000+08:00,0.126,1.7553701934727204,0.19778145111724973,0.034902609020691124,0.1396104360827645,0.05817101503448521,0.4039316175073354,0.9039255832984656,0.275,10.0,0.00031499919227988933,0.0038419052406614925,0.03465,0.0,0.0,0.0,0.8226306282706328,3.2905225130825313,1.3710510471177215,4.665415465440915,5.488046093711548,0.743596870498715,2.97438748199486,1.2393281174978585,4.21755750473338,4.961154375232095,0.008776850967363602,54.99999999941924,1172.2180206054495,1059.5978580287538,0.9039255832984656,5.827788219096608,1059.5978580287538,112.6201625766957,2802.036762224554,1742.4389041958002,38,23,4,19,5,18,5,0.7,0.30000000000000004,0.9,0.09999999999999998,2.500353851149392,1.3417173527615607,vegetative,0.45,0.0003544242495866861,0.30509603392582957,0.0,0.14939135502013165,0.4544873889459612,0.5879352442144536,0.8199035961273561,0.2,false,0.0,0.16398071922547122,0.039,0.25552944401739525,0.3324058001970584,0.7,0.23268406013794085,0.0,44.0098,12.0107,30.031,18.01528,0.3999433918284439,55.0,0.9,-15.0,true,5.634939933547344e-16,0.9999999999894407,1.5,0.0,0.0,0.9837101068741282,4.84407811222248,246.17852840620878,52.749851270139644,28.440693999343665,22.68362898798447,4.990860529193892,1.3417173527615607,1.0701222212610664,141.24318525869325,0.6674845110140917,0.1504079122889993,356.2406930646788,0.00280709087835297,61,2021-12-12
2021-12-13T12:00:00.000+08:00,0.126,1.665056650892696,0.07735462632693843,0.013650816410636195,0.05460326564254478,0.022751360684393658,0.3626207667510497,0.9008300391468689,0.275,10.0,0.00026418412084099687,0.003613288211216247,0.03465,0.0,0.0,0.0,0.8334052401543138,3.3336209606172553,1.3890087335905232,4.726242982418995,5.559648222573309,0.7507564751134161,3.0030259004536646,1.2512607918556937,4.257899980520575,5.008656455633991,0.00832528325446348,54.99999999941772,1206.733231412994,1087.0615440935949,0.9008300391468689,5.978838492451475,1087.0615440935949,119.6716873193992,2802.036762224554,1714.975218130959,38,24,4,20,5,19,5,0.7,0.30000000000000004,0.9,0.09999999999999998,2.500353851149392,1.0633499052856579,vegetative,0.45,0.0002972492027807863,0.30535326448733485,0.0,0.10265283930639485,0.4080061037937297,0.3602602197496592,0.7311459961066085,0.2,false,0.0,0.1462291992213217,0.039,0.23025244441026688,0.13000777533939234,0.7,0.09100544273757463,0.0,44.0098,12.0107,30.031,18.01528,0.3999433918284439,55.0,0.9,-15.0,true,2.4660714907918542e-15,0.999999999989413,1.5,0.0,0.0,0.9820984949263905,4.996739997525085,181.8822656027191,38.42732267428604,22.540074635103913,17.281112254744905,5.585504672026065,1.0633499052856579,0.8152532490152111,158.0718328111082,0.8115257984710478,0.13255676746206918,361.98873407298066,0.0027625169124694078,62,2021-12-13
2021-12-14T12:00:00.000+08:00,0.126,2.2474931926247113,0.4002489562846499,0.07063216875611468,0.2825286750244587,0.11772028126019114,0.4651199145066079,0.8978207242370636,0.275,10.0,0.0003226773579277537,0.003395278939085423,0.03465,0.0,0.0,0.0,0.8399857027680825,3.35994281107233,1.399976171280138,4.763314261291553,5.6032999640596355,0.7541565720080187,3.0166262880320747,1.2569276200133648,4.276949186984525,5.031105758992544,0.011237465963123557,54.999999999415365,1240.9064448984986,1114.1115230692099,0.8978207242370636,6.12761337681552,1114.1115230692099,126.79492182928891,2893.0681132475074,1778.9565901782976,39,24,4,20,5,19,5,0.7,0.30000000000000004,0.9,0.09999999999999998,2.500353851149392,0.7445334592103787,vegetative,0.45,0.0003630634085580164,0.3055985596327562,0.0,0.21773540663453678,0.5233339662672929,0.9932608707654424,0.9503706874071216,0.2,false,0.0,0.19007413748142432,0.039,0.32057354927863585,0.6726873214868065,0.7,0.47088112504076457,0.0,44.0098,12.0107,30.031,18.01528,0.3999433918284439,55.0,0.9,-15.0,true,3.5571034672805724e-17,0.9999999999893703,1.5,0.0,0.0,0.980669114411447,5.146944262404073,129.42449999238823,26.97055403282089,15.782048463553537,8.528562329852072,8.739554837042274,0.7445334592103787,0.4023432083737467,247.33261041985762,1.4919207406881536,0.11081598968061958,369.3236803939713,0.0027076519949472584,63,2021-12-14
2021-12-15T12:00:00.000+08:00,0.126,2.2680713943137314,0.6340550004065687,0.11189205889527683,0.4475682355811073,0.1864867648254614,0.5457207567090282,0.8943071968093997,0.275,10.0,0.0002960835033387586,0.0031674221635141007,0.03465,0.0,0.0,0.0,0.8614208342914077,3.445683337165631,1.4357013904856812,4.8845521498148265,5.745972984106234,0.7703748515883633,3.081499406353453,1.283958085980607,4.368624914497574,5.138999766085938,0.011340356971568656,54.99999999941357,1277.6522209254613,1142.6135761931532,0.8943071968093997,6.284374668995336,1142.6135761931532,135.03864473230806,2893.0681132475074,1750.4545370543542,39,24,3,21,5,19,5,0.7,0.30000000000000004,0.9,0.09999999999999998,2.500353851149392,0.8543842225884335,vegetative,0.45,0.000333141087525691,0.30585493478759584,0.0,0.3081678132727148,0.6140227480603107,1.3827280516665903,0.9347775195532139,0.2,false,0.0,0.18695550391064278,0.039,0.31708939552109644,1.0656386561454938,0.7,0.7459470593018456,0.0,44.0098,12.0107,30.031,18.01528,0.3999433918284439,55.0,0.9,-15.0,true,5.399987187589333e-17,0.9999999999893376,1.5,0.0,0.0,0.979452162485848,5.304922506509488,148.17713331859244,30.436358763737168,18.110580579798558,10.83069232008792,7.436355706527681,0.8543842225884335,0.51094842582323,210.45159658596685,1.1797910009926622,0.1166353654714952,370.797921893902,0.002696886743303093,64,2021-12-15
2021-12-16T12:00:00.000+08:00,0.126,1.9416032766295745,0.8967588132671285,0.15825155528243443,0.6330062211297377,0.2637525921373907,0.6262543263440122,0.8974173409021757,0.275,10.0,0.0002884175698954931,0.002931178308532011,0.03465,0.0,0.0,0.0,0.8980109328174378,3.5920437312697513,1.4966848880290649,5.091659797607348,5.989670730424786,0.8058905834301074,3.2235623337204298,1.343150972383514,4.569644484412476,5.375535067842583,0.009708016383147873,54.99999999941305,1323.5578717593435,1187.783785804413,0.8974173409021757,6.532810821854554,1187.783785804413,135.77408595493068,2982.8606457365577,1795.0768599321448,40,25,4,21,6,19,5,0.7,0.30000000000000004,0.9,0.09999999999999998,2.500353851149392,1.2779511454133747,vegetative,0.45,0.00032451569173230527,0.30612074674227246,0.0,0.3985150907606761,0.7046358375029486,1.8821987656114645,0.9839646024125295,0.2,false,0.0,0.1967929204825059,0.039,0.3750410962549459,1.5071576693565185,0.7,1.0550103685495629,0.0,44.0098,12.0107,30.031,18.01528,0.3999433918284439,55.0,0.9,-15.0,true,1.0956760619223935e-17,0.9999999999893282,1.5,0.0,0.0,0.9785616456466498,5.554249176207904,236.77149735979702,47.53503024017014,27.089026908685682,18.66544846072508,9.970048660690578,1.2779511454133747,0.8805606535976993,282.1560373773283,1.408434102102845,0.12916224878586727,368.4693090558447,0.0027139302390268858,65,2021-12-16
2021-12-17T12:00:00.000+08:00,0.126,1.5565398280651772,0.009229991050872261,0.0016288219501539283,0.006515287800615713,0.0027147032502565474,0.34259722962775563,0.9004011163347172,0.275,10.0,0.00019495503950551352,0.0027290913864809366,0.03465,0.0,0.0,0.0,0.9457087173777887,3.782834869511155,1.5761811956296494,5.361745156527285,6.307453873905074,0.8515171848544345,3.406068739417738,1.4191953080907256,4.827993138894945,5.679510323749379,0.007782699140325886,54.999999999412516,1363.2089131763787,1227.434827221448,0.9004011163347172,6.7508915496458535,1227.434827221448,135.77408595493068,2982.8606457365577,1755.4258185151098,40,25,3,22,6,19,5,0.7,0.30000000000000004,0.9,0.09999999999999998,2.500353851149392,0.4198750449553873,vegetative,0.45,0.00021935546272286669,0.3063481267084902,0.0,0.07912830941330191,0.3854764361217921,0.27132481260116326,0.7143587806229562,0.2,false,0.0,0.14287175612459124,0.039,0.25581222259969727,0.015512590001465987,0.7,0.01085881300102619,0.0,44.0098,12.0107,30.031,18.01528,0.3999433918284439,55.0,0.9,-15.0,true,3.216202754589297e-15,0.9999999999893184,1.5,0.0,0.0,0.9778068652073237,5.77308468443853,63.31650058923273,12.463888829042611,8.900188737185939,3.0765074580071032,5.46788197831386,0.4198750449553873,0.1451372263420946,154.74306739653343,0.8938407582007872,0.1015285004343807,360.3670157964211,0.002774948749929214,66,2021-12-17
2021-12-18T12:00:00.000+08:00,0.126,1.46397957657669,0.057283833646561456,0.010108911819981433,0.040435647279925734,0.016848186366635723,0.36255587248153803,0.9010798024010774,0.275,10.0,0.00018876120326283567,0.0025913986551854068,0.03465,0.0,0.0,0.0,0.938248068022495,3.75299227208998,1.5637467800374938,5.319330450782659,6.257578518805154,0.8454363837369026,3.38174553494761,1.409060639561506,4.7933975731643015,5.638833956901204,0.00731989788288345,54.99999999940397,1393.6438271017337,1255.7843043423115,0.9010798024010774,6.906813673807866,1255.7843043423115,137.85952275942225,3071.312063076007,1815.5277587336952,41,26,4,22,6,20,5,0.7,0.30000000000000004,0.9,0.09999999999999998,2.500353851149392,0.7371195551860943,vegetative,0.45,0.00021238641068662098,0.30650305295642666,0.0,0.10143003445079199,0.4079330874072187,0.35463885688036734,0.728414375322466,0.2,false,0.0,0.1456828750644932,0.039,0.2583635062138775,0.09627535066648985,0.7,0.06739274546654289,0.0,44.0098,12.0107,30.031,18.01528,0.3999433918284439,55.0,0.9,-15.0,true,2.5755198440133757e-15,0.999999999989163,1.5,0.0,0.0,0.9772005529961012,5.929613120811765,114.66136508957767,22.261302761366256,15.62489421995259,9.639294155747113,8.19702607217447,0.7371195551860943,0.4547430606806238,231.9788471968778,1.2206608052856838,0.1099663710943313,371.34204551016467,0.0026929350233587464,67,2021-12-18
