time,initial_leaf_ratio,potential_leaf_area_increase,shoot_carbon,root_carbon,leaf_carbon,stem_carbon,nonstructural_carbon_mass,agefn,initial_seed_mass,seed_mass_export_limit,seed_mass_export_rate,seed_mass,initial_leaf_mass,active_leaf_mass,dropped_leaf_mass,total_leaf_mass,root_mass,leaf_mass,stem_mass,shoot_mass,total_mass,living_root_mass,living_leaf_mass,living_stem_mass,living_shoot_mass,living_total_mass,potential_carbon_demand,PD,leaf_area,green_leaf_area,green_leaf_ratio,LAI,actual_green_leaf_area,senescent_leaf_area,potential_leaf_area,dropped_leaf_area,leaves_initiated,leaves_appeared,leaves_growing,leaves_mature,leaves_dropped,leaves_fresh,primordia,shoot_to_root_ratio,root_to_shoot_ratio,leaf_to_stem_ratio,stem_to_leaf_ratio,C_to_CH2O_ratio,assimilation,dp,C_conc,carbon_reserve_from_seed,carbon_reserve,carbon_translocation,carbon_pool,nonstructural_carbon,carbon_supply,carbon_temperature_effect,carbon_growth_factor,carbon_translocating,carbon_translocation_rate,carbon_supply_rate,Rm,maintenance_respiration,carbon_available,Yg,total_carbon,water_supply,CO2_weight,C_weight,CH2O_weight,H2O_weight,CH2O_to_C_ratio,PD0,CDSF,CDCT,enable_cold_damage,CDM,CDS,leaf_width,LWP,evapotranspiration_supply,LAI_sunlit,LAI_shaded,Q_sun,Q_sh,A_gross,A_net,ET,gross_assimilation,net_assimilation,transpiration,vapor_pressure_deficit,conductance,SLA,LMA,DAP,date
2022-09-07T12:00:00.000+08:00,0.126,0.0 cm²,0.0 g d⁻¹,0.0 g d⁻¹,0.0 g d⁻¹,0.0 g d⁻¹,6.1022517579584775e-5 g,0.0,0.001 g,10.0 % d⁻¹,6.106615222047216e-5 g d⁻¹,0.0009389774824204152 g,0.000126 g,0.0 g,0.0 g,0.0 g,0.0 g,0.0 g,0.0 g,0.0009389774824204152 g,0.0009389774824204152 g,0.0 g,0.0 g,0.0 g,0.0009389774824204152 g,0.0009389774824204152 g,0.0 g,54.999999999999815 m⁻²,0.0 cm²,0.0 cm²,0.0,0.0,0.0 cm²,0.0 cm²,0.0 cm²,0.0 cm²,4,0,0,0,0,0,5,0.7,0.30000000000000004,0.9,0.09999999999999998,2.500353851149392,0.0 g d⁻¹,seed,0.45,6.870914499569966e-5 g d⁻¹,6.866004907662582e-5 g,0.0 g d⁻¹,0.0 g,6.866004907662582e-5 g,0.0 g d⁻¹,0.6503473551150674,0.2 hr⁻¹,false,0.0 hr⁻¹,0.13006947102301347 hr⁻¹,0.039 d⁻¹,0.0 g d⁻¹,0.0 g d⁻¹,0.7,0.0 g d⁻¹,0.0 g hr⁻¹,44.0098 g mol⁻¹,12.0107 g mol⁻¹,30.031 g mol⁻¹,18.01528 g mol⁻¹,0.3999433918284439,55.0 m⁻²,0.9 K⁻¹,-15.0 °C,true,8.666598595097235e-15 d⁻¹,0.9999999999999967,1.5 cm,0.0 MPa,0.0 mol m⁻² s⁻¹,0.0,0.0,71.29579623921042 μmol m⁻² s⁻¹,0.0 μmol m⁻² s⁻¹,0.0 μmol m⁻² s⁻¹,0.0 μmol m⁻² s⁻¹,0.0 mmol m⁻² s⁻¹,0.0 g d⁻¹,0.0 g d⁻¹,0.0 g d⁻¹,0.4260980992125209 kPa,0.0 mol bar⁻¹ m⁻² s⁻¹,NaN cm² g⁻¹,NaN g cm⁻²,1 d,2022-09-07
2022-09-08T12:00:00.000+08:00,0.126,0.0 cm²,0.0 g d⁻¹,0.0 g d⁻¹,0.0 g d⁻¹,0.0 g d⁻¹,0.00012946089599949855 g,0.0,0.001 g,10.0 % d⁻¹,5.5075906890881995e-5 g d⁻¹,0.0008705391040005013 g,0.000126 g,0.0 g,0.0 g,0.0 g,0.0 g,0.0 g,0.0 g,0.0008705391040005013 g,0.0008705391040005013 g,0.0 g,0.0 g,0.0 g,0.0008705391040005013 g,0.0008705391040005013 g,0.0 g,54.99999999999946 m⁻²,0.0 cm²,0.0 cm²,0.0,0.0,0.0 cm²,0.0 cm²,0.0 cm²,0.0 cm²,5,0,0,0,0,0,5,0.7,0.30000000000000004,0.9,0.09999999999999998,2.500353851149392,0.0 g d⁻¹,seed,0.45,6.196916515507296e-5 g d⁻¹,0.0001456641224485187 g,0.0 g d⁻¹,0.0 g,0.0001456641224485187 g,0.0 g d⁻¹,0.6326643643896585,0.2 hr⁻¹,false,0.0 hr⁻¹,0.1265328728779317 hr⁻¹,0.039 d⁻¹,0.0 g d⁻¹,0.0 g d⁻¹,0.7,0.0 g d⁻¹,0.0 g hr⁻¹,44.0098 g mol⁻¹,12.0107 g mol⁻¹,30.031 g mol⁻¹,18.01528 g mol⁻¹,0.3999433918284439,55.0 m⁻²,0.9 K⁻¹,-15.0 °C,true,1.135293606835217e-14 d⁻¹,0.9999999999999902,1.5 cm,0.0 MPa,0.0 mol m⁻² s⁻¹,0.0,0.0,73.94993981023553 μmol m⁻² s⁻¹,0.0 μmol m⁻² s⁻¹,0.0 μmol m⁻² s⁻¹,0.0 μmol m⁻² s⁻¹,0.0 mmol m⁻² s⁻¹,0.0 g d⁻¹,0.0 g d⁻¹,0.0 g d⁻¹,0.40246865742771093 kPa,0.0 mol bar⁻¹ m⁻² s⁻¹,NaN cm² g⁻¹,NaN g cm⁻²,2 d,2022-09-08
2022-09-09T12:00:00.000+08:00,0.126,0.0 cm²,0.0 g d⁻¹,0.0 g d⁻¹,0.0 g d⁻¹,0.0 g d⁻¹,0.0001929653214476877 g,0.0,0.001 g,10.0 % d⁻¹,5.1363101521504707e-5 g d⁻¹,0.0008070346785523124 g,0.000126 g,0.0 g,0.0 g,0.0 g,0.0 g,0.0 g,0.0 g,0.0008070346785523124 g,0.0008070346785523124 g,0.0 g,0.0 g,0.0 g,0.0008070346785523124 g,0.0008070346785523124 g,0.0 g,54.99999999999911 m⁻²,0.0 cm²,0.0 cm²,0.0,0.0,0.0 cm²,0.0 cm²,0.0 cm²,0.0 cm²,5,0,0,0,0,0,5,0.7,0.30000000000000004,0.9,0.09999999999999998,2.500353851149392,0.0 g d⁻¹,seed,0.45,5.7791667913322167e-5 g d⁻¹,0.00021711671307900283 g,0.0 g d⁻¹,0.0 g,0.00021711671307900283 g,0.0 g d⁻¹,0.6364423101822795,0.2 hr⁻¹,false,0.0 hr⁻¹,0.1272884620364559 hr⁻¹,0.039 d⁻¹,0.0 g d⁻¹,0.0 g d⁻¹,0.7,0.0 g d⁻¹,0.0 g hr⁻¹,44.0098 g mol⁻¹,12.0107 g mol⁻¹,30.031 g mol⁻¹,18.01528 g mol⁻¹,0.3999433918284439,55.0 m⁻²,0.9 K⁻¹,-15.0 °C,true,1.0717483660333607e-14 d⁻¹,0.9999999999999838,1.5 cm,0.0 MPa,0.0 mol m⁻² s⁻¹,0.0,0.0,74.3097347693495 μmol m⁻² s⁻¹,0.0 μmol m⁻² s⁻¹,0.0 μmol m⁻² s⁻¹,0.0 μmol m⁻² s⁻¹,0.0 mmol m⁻² s⁻¹,0.0 g d⁻¹,0.0 g d⁻¹,0.0 g d⁻¹,0.391339693007796 kPa,0.0 mol bar⁻¹ m⁻² s⁻¹,NaN cm² g⁻¹,NaN g cm⁻²,3 d,2022-09-09
2022-09-10T12:00:00.000+08:00,0.126,0.0 cm²,0.0 g d⁻¹,0.0 g d⁻¹,0.0 g d⁻¹,0.0 g d⁻¹,0.00025171045702035167 g,0.0,0.001 g,10.0 % d⁻¹,4.771702868544999e-5 g d⁻¹,0.0007482895429796483 g,0.000126 g,0.0 g,0.0 g,0.0 g,0.0 g,0.0 g,0.0 g,0.0007482895429796483 g,0.0007482895429796483 g,0.0 g,0.0 g,0.0 g,0.0007482895429796483 g,0.0007482895429796483 g,0.0 g,54.99999999999876 m⁻²,0.0 cm²,0.0 cm²,0.0,0.0,0.0 cm²,0.0 cm²,0.0 cm²,0.0 cm²,6,0,0,0,0,0,5,0.7,0.30000000000000004,0.9,0.09999999999999998,2.500353851149392,0.0 g d⁻¹,seed,0.45,5.36892553975819e-5 g d⁻¹,0.00028321434476343444 g,0.0 g d⁻¹,0.0 g,0.00028321434476343444 g,0.0 g d⁻¹,0.6376813511978715,0.2 hr⁻¹,false,0.0 hr⁻¹,0.1275362702395743 hr⁻¹,0.039 d⁻¹,0.0 g d⁻¹,0.0 g d⁻¹,0.7,0.0 g d⁻¹,0.0 g hr⁻¹,44.0098 g mol⁻¹,12.0107 g mol⁻¹,30.031 g mol⁻¹,18.01528 g mol⁻¹,0.3999433918284439,55.0 m⁻²,0.9 K⁻¹,-15.0 °C,true,1.0516825412652692e-14 d⁻¹,0.9999999999999774,1.5 cm,0.0 MPa,0.0 mol m⁻² s⁻¹,0.0,0.0,65.34085849792517 μmol m⁻² s⁻¹,0.0 μmol m⁻² s⁻¹,0.0 μmol m⁻² s⁻¹,0.0 μmol m⁻² s⁻¹,0.0 mmol m⁻² s⁻¹,0.0 g d⁻¹,0.0 g d⁻¹,0.0 g d⁻¹,0.39062149510667643 kPa,0.0 mol bar⁻¹ m⁻² s⁻¹,NaN cm² g⁻¹,NaN g cm⁻²,4 d,2022-09-10
2022-09-11T12:00:00.000+08:00,0.126,0.0 cm²,0.0 g d⁻¹,0.0 g d⁻¹,0.0 g d⁻¹,0.0 g d⁻¹,0.0002987422581758721 g,0.0,0.001 g,10.0 % d⁻¹,4.427496603513648e-5 g d⁻¹,0.000701257741824128 g,0.000126 g,0.0 g,0.0 g,0.0 g,0.0 g,0.0 g,0.0 g,0.000701257741824128 g,0.000701257741824128 g,0.0 g,0.0 g,0.0 g,0.000701257741824128 g,0.000701257741824128 g,0.0 g,54.999999999998245 m⁻²,0.0 cm²,0.0 cm²,0.0,0.0,0.0 cm²,0.0 cm²,0.0 cm²,0.0 cm²,6,0,0,0,0,0,5,0.7,0.30000000000000004,0.9,0.09999999999999998,2.500353851149392,0.0 g d⁻¹,seed,0.45,4.981638682595791e-5 g d⁻¹,0.0003361326100789985 g,0.0 g d⁻¹,0.0 g,0.0003361326100789985 g,0.0 g d⁻¹,0.6313650943798125,0.2 hr⁻¹,false,0.0 hr⁻¹,0.1262730188759625 hr⁻¹,0.039 d⁻¹,0.0 g d⁻¹,0.0 g d⁻¹,0.7,0.0 g d⁻¹,0.0 g hr⁻¹,44.0098 g mol⁻¹,12.0107 g mol⁻¹,30.031 g mol⁻¹,18.01528 g mol⁻¹,0.3999433918284439,55.0 m⁻²,0.9 K⁻¹,-15.0 °C,true,1.1579964365683064e-14 d⁻¹,0.9999999999999681,1.5 cm,0.0 MPa,0.0 mol m⁻² s⁻¹,0.0,0.0,58.63048283005227 μmol m⁻² s⁻¹,0.0 μmol m⁻² s⁻¹,0.0 μmol m⁻² s⁻¹,0.0 μmol m⁻² s⁻¹,0.0 mmol m⁻² s⁻¹,0.0 g d⁻¹,0.0 g d⁻¹,0.0 g d⁻¹,0.41481814768237424 kPa,0.0 mol bar⁻¹ m⁻² s⁻¹,NaN cm² g⁻¹,NaN g cm⁻²,5 d,2022-09-11
2022-09-12T12:00:00.000+08:00,0.126,0.0 cm²,0.0 g d⁻¹,0.0 g d⁻¹,0.0 g d⁻¹,0.0 g d⁻¹,0.00034297932127712934 g,0.0,0.001 g,10.0 % d⁻¹,4.272916606633253e-5 g d⁻¹,0.0006570206787228706 g,0.000126 g,0.0 g,0.0 g,0.0 g,0.0 g,0.0 g,0.0 g,0.0006570206787228706 g,0.0006570206787228706 g,0.0 g,0.0 g,0.0 g,0.0006570206787228706 g,0.0006570206787228706 g,0.0 g,54.99999999999776 m⁻²,0.0 cm²,0.0 cm²,0.0,0.0,0.0 cm²,0.0 cm²,0.0 cm²,0.0 cm²,7,0,0,0,0,0,5,0.7,0.30000000000000004,0.9,0.09999999999999998,2.500353851149392,0.0 g d⁻¹,seed,0.45,4.80771157186604e-5 g d⁻¹,0.00038590635006894376 g,0.0 g d⁻¹,0.0 g,0.00038590635006894376 g,0.0 g d⁻¹,0.6503473551150674,0.2 hr⁻¹,false,0.0 hr⁻¹,0.13006947102301347 hr⁻¹,0.039 d⁻¹,0.0 g d⁻¹,0.0 g d⁻¹,0.7,0.0 g d⁻¹,0.0 g hr⁻¹,44.0098 g mol⁻¹,12.0107 g mol⁻¹,30.031 g mol⁻¹,18.01528 g mol⁻¹,0.3999433918284439,55.0 m⁻²,0.9 K⁻¹,-15.0 °C,true,8.666598595097235e-15 d⁻¹,0.9999999999999593,1.5 cm,0.0 MPa,0.0 mol m⁻² s⁻¹,0.0,0.0,58.925117022717195 μmol m⁻² s⁻¹,0.0 μmol m⁻² s⁻¹,0.0 μmol m⁻² s⁻¹,0.0 μmol m⁻² s⁻¹,0.0 mmol m⁻² s⁻¹,0.0 g d⁻¹,0.0 g d⁻¹,0.0 g d⁻¹,0.4035151481185553 kPa,0.0 mol bar⁻¹ m⁻² s⁻¹,NaN cm² g⁻¹,NaN g cm⁻²,6 d,2022-09-12
2022-09-13T12:00:00.000+08:00,0.126,0.0 cm²,0.0 g d⁻¹,0.0 g d⁻¹,0.0 g d⁻¹,0.0 g d⁻¹,0.00038485423755926074 g,0.0,0.001 g,10.0 % d⁻¹,4.062371238580233e-5 g d⁻¹,0.0006151457624407393 g,0.000126 g,0.0 g,0.0 g,0.0 g,0.0 g,0.0 g,0.0 g,0.0006151457624407393 g,0.0006151457624407393 g,0.0 g,0.0 g,0.0 g,0.0006151457624407393 g,0.0006151457624407393 g,0.0 g,54.999999999997335 m⁻²,0.0 cm²,0.0 cm²,0.0,0.0,0.0 cm²,0.0 cm²,0.0 cm²,0.0 cm²,7,0,0,0,0,0,5,0.7,0.30000000000000004,0.9,0.09999999999999998,2.500353851149392,0.0 g d⁻¹,seed,0.45,4.570814507032175e-5 g d⁻¹,0.00043302229875560725 g,0.0 g d⁻¹,0.0 g,0.00043302229875560725 g,0.0 g d⁻¹,0.6603916480643213,0.2 hr⁻¹,false,0.0 hr⁻¹,0.13207832961286425 hr⁻¹,0.039 d⁻¹,0.0 g d⁻¹,0.0 g d⁻¹,0.7,0.0 g d⁻¹,0.0 g hr⁻¹,44.0098 g mol⁻¹,12.0107 g mol⁻¹,30.031 g mol⁻¹,18.01528 g mol⁻¹,0.3999433918284439,55.0 m⁻²,0.9 K⁻¹,-15.0 °C,true,7.430375493312818e-15 d⁻¹,0.9999999999999516,1.5 cm,0.0 MPa,0.0 mol m⁻² s⁻¹,0.0,0.0,66.33076806057261 μmol m⁻² s⁻¹,0.0 μmol m⁻² s⁻¹,0.0 μmol m⁻² s⁻¹,0.0 μmol m⁻² s⁻¹,0.0 mmol m⁻² s⁻¹,0.0 g d⁻¹,0.0 g d⁻¹,0.0 g d⁻¹,0.3902209053630188 kPa,0.0 mol bar⁻¹ m⁻² s⁻¹,NaN cm² g⁻¹,NaN g cm⁻²,7 d,2022-09-13
2022-09-14T12:00:00.000+08:00,0.126,-0.04740694210772323 cm²,0.0007086978060240241 g d⁻¹,0.00012506431871012189 g d⁻¹,0.0005002572748404875 g d⁻¹,0.0002084405311835365 g d⁻¹,0.0007712226719990262 g,1.0,0.001 g,10.0 % d⁻¹,3.737680885528509e-5 g d⁻¹,0.000575866760245009 g,0.000126 g,0.0 g,0.0 g,0.0 g,5.747949338609491e-6 g,2.2991797354437963e-5 g,9.579915564349151e-6 g,0.0006084384731637961 g,0.0006141864225024056 g,5.747949338609491e-6 g,2.2991797354437963e-5 g,9.579915564349151e-6 g,0.0006084384731637961 g,0.0006141864225024056 g,-0.00023703471053861612 g,54.99999999999692 m⁻²,1.803739909047039 cm²,1.803739909047039 cm²,1.0,0.009920569499758159,1.803739909047039 cm²,0.0 cm²,227.14900882715264 cm²,225.3452689181056 cm²,8,1,1,0,0,1,5,0.7,0.30000000000000004,0.9,0.09999999999999998,2.500353851149392,0.0031765873564284673 g d⁻¹,vegetative,0.45,4.205486158424404e-5 g d⁻¹,0.00047721743073983713 g,0.0 g d⁻¹,0.0003905308793720831 g,0.0008677483101119203 g,0.0012166812773843486 g d⁻¹,0.6490530698348123,0.2 hr⁻¹,false,0.0 hr⁻¹,0.12981061396696245 hr⁻¹,0.039 d⁻¹,2.5592527764140013e-5 g d⁻¹,0.0011910887496202087 g d⁻¹,0.7,0.000833762124734146 g d⁻¹,0.0 g hr⁻¹,44.0098 g mol⁻¹,12.0107 g mol⁻¹,30.031 g mol⁻¹,18.01528 g mol⁻¹,0.3999433918284439,55.0 m⁻²,0.9 K⁻¹,-15.0 °C,true,8.839907341913975e-15 d⁻¹,0.999999999999944,1.5 cm,0.0 MPa,0.0 mol m⁻² s⁻¹,0.009894685818432888,2.5883681325271357e-5,111.07417735544502 μmol m⁻² s⁻¹,46.784355601721664 μmol m⁻² s⁻¹,0.0673348591500033 μmol m⁻² s⁻¹,0.05934423515420177 μmol m⁻² s⁻¹,0.00607987986303175 mmol m⁻² s⁻¹,0.0031765873564284673 g d⁻¹,0.00279962191125703 g d⁻¹,0.1720628322135208 g d⁻¹,0.410900356520028 kPa,0.18641943730362073 mol bar⁻¹ m⁻² s⁻¹,78451.45297868043 cm² g⁻¹,1.2746736510689674e-5 g cm⁻²,8 d,2022-09-14
2022-09-15T12:00:00.000+08:00,0.126,0.06844415202601839 cm²,0.003007554053421633 g d⁻¹,0.0005307448329567588 g d⁻¹,0.002122979331827035 g d⁻¹,0.0008845747215945979 g d⁻¹,0.0014315358608785768 g,1.0,0.001 g,10.0 % d⁻¹,5.345889048427293e-5 g d⁻¹,0.0005456389094687945 g,0.000126 g,0.0 g,0.0 g,0.0 g,0.00017093860285289695 g,0.0006837544114115878 g,0.0002848976714214949 g,0.0015142909923018771 g,0.001685229595154774 g,0.00017093860285289695 g,0.0006837544114115878 g,0.0002848976714214949 g,0.0015142909923018771 g,0.001685229595154774 g,0.00034222076013009197 g,54.99999999997177 m⁻²,1.3951659178011206 cm²,1.3951659178011206 cm²,1.0,0.0076734125479022254,1.3951659178011206 cm²,0.0 cm²,227.14900882715264 cm²,225.75384290935153 cm²,8,1,1,0,0,1,5,0.7,0.30000000000000004,0.9,0.09999999999999998,2.500353851149392,0.005933208014956023 g d⁻¹,vegetative,0.45,6.014976421523643e-5 g d⁻¹,0.0005112285761349619 g,0.0 g d⁻¹,0.0010994772151278324 g,0.0016107057912627943 g,0.005170613547984184 g d⁻¹,0.9797485032054936,0.2 hr⁻¹,false,0.0 hr⁻¹,0.19594970064109873 hr⁻¹,0.039 d⁻¹,0.00011590085315791051 g d⁻¹,0.005054712694826274 g d⁻¹,0.7,0.0035382988863783917 g d⁻¹,0.0 g hr⁻¹,44.0098 g mol⁻¹,12.0107 g mol⁻¹,30.031 g mol⁻¹,18.01528 g mol⁻¹,0.3999433918284439,55.0 m⁻²,0.9 K⁻¹,-15.0 °C,true,1.3209439318185998e-17 d⁻¹,0.9999999999994867,1.5 cm,0.0 MPa,0.0 mol m⁻² s⁻¹,0.007657812049312482,1.560049858974344e-5,413.6012084922154 μmol m⁻² s⁻¹,174.260673123384 μmol m⁻² s⁻¹,0.1257675867739192 μmol m⁻² s⁻¹,0.11676724730674852 μmol m⁻² s⁻¹,0.025691354835447624 mmol m⁻² s⁻¹,0.005933208014956023 g d⁻¹,0.005508608262080619 g d⁻¹,0.7270747738405744 g d⁻¹,1.9752757206071596 kPa,0.24959516740921925 mol bar⁻¹ m⁻² s⁻¹,2040.4488724553132 cm² g⁻¹,0.0004900882416116018 g cm⁻²,9 d,2022-09-15
2022-09-16T12:00:00.000+08:00,0.126,0.2591507710838883 cm²,0.007213542474073909 g d⁻¹,0.0012729780836601015 g d⁻¹,0.005091912334640406 g d⁻¹,0.0021216301394335027 g d⁻¹,0.0028428122480004332 g,1.0,0.001 g,10.0 % d⁻¹,5.0040368141538774e-5 g d⁻¹,0.0005160618747820277 g,0.000126 g,0.0 g,0.0 g,0.0 g,0.0004384216038852784 g,0.0017536864155411136 g,0.0007307026731421309 g,0.003000450963465272 g,0.00343887256735055 g,0.0004384216038852784 g,0.0017536864155411136 g,0.0007307026731421309 g,0.003000450963465272 g,0.00343887256735055 g,0.0012957538554194414 g,54.99999999994624 m⁻²,4.094658030231951 cm²,4.094658030231951 cm²,1.0,0.022520619166253718,4.094658030231951 cm²,0.0 cm²,280.16882356322986 cm²,276.07416553299794 cm²,9,1,1,0,0,1,5,0.7,0.30000000000000004,0.9,0.09999999999999998,2.500353851149392,0.02602458025711604 g d⁻¹,vegetative,0.45,5.6303382238033413e-5 g d⁻¹,0.0005445074497980483 g,0.0 g d⁻¹,0.002654108998774097 g,0.003198616448572145 g,0.012353178364980233 g d⁻¹,0.9696583023629606,0.2 hr⁻¹,false,0.0 hr⁻¹,0.19393166047259214 hr⁻¹,0.039 d⁻¹,0.00022957756821735938 g d⁻¹,0.012123600796762873 g d⁻¹,0.7,0.008486520557734011 g d⁻¹,0.0 g hr⁻¹,44.0098 g mol⁻¹,12.0107 g mol⁻¹,30.031 g mol⁻¹,18.01528 g mol⁻¹,0.3999433918284439,55.0 m⁻²,0.9 K⁻¹,-15.0 °C,true,1.9434147008574453e-17 d⁻¹,0.9999999999990226,1.5 cm,0.0 MPa,0.0 mol m⁻² s⁻¹,0.0223856449420158,0.0001349742242379194,1625.2813393066338 μmol m⁻² s⁻¹,682.3371530189393 μmol m⁻² s⁻¹,0.5516490653099756 μmol m⁻² s⁻¹,0.5235967668477813 μmol m⁻² s⁻¹,0.10735052664830819 mmol m⁻² s⁻¹,0.02602458025711604 g d⁻¹,0.024701185840929132 g d⁻¹,3.0380593154561653 g d⁻¹,1.7622126628893335 kPa,0.36203132441136954 mol bar⁻¹ m⁻² s⁻¹,2334.8860970497467 cm² g⁻¹,0.00042828641673936616 g cm⁻²,10 d,2022-09-16
2022-09-17T12:00:00.000+08:00,0.126,-0.05125991213071046 cm²,0.018569658133176598 g d⁻¹,0.003276998494089988 g d⁻¹,0.013107993976359951 g d⁻¹,0.005461664156816646 g d⁻¹,0.006668477227850167 g,1.0,0.001 g,10.0 % d⁻¹,4.7089255484667746e-5 g d⁻¹,0.00048672949911280185 g,0.000126 g,0.0 g,0.0 g,0.0 g,0.0015081208362003374 g,0.00603248334480135 g,0.0025135347270005617 g,0.009032747570914714 g,0.010540868407115052 g,0.0015081208362003374 g,0.00603248334480135 g,0.0025135347270005617 g,0.009032747570914714 g,0.010540868407115052 g,-0.0002562995606535523 g,54.99999999991953 m⁻²,8.109852194592175 cm²,8.109852194592175 cm²,1.0,0.04460418707019171,8.109852194592175 cm²,0.0 cm²,280.16882356322986 cm²,272.0589713686377 cm²,9,2,1,1,0,2,5,0.7,0.30000000000000004,0.9,0.09999999999999998,2.500353851149392,0.04678144624071685 g d⁻¹,vegetative,0.45,5.298291058448098e-5 g d⁻¹,0.0005775110431086077 g,0.0 g d⁻¹,0.006925587679972126 g,0.007503098723080734 g,0.03216118372818934 g d⁻¹,0.9674625345392224,0.2 hr⁻¹,false,0.0 hr⁻¹,0.19349250690784447 hr⁻¹,0.039 d⁻¹,0.0009516742606656423 g d⁻¹,0.031209509467523697 g d⁻¹,0.7,0.021846656627266585 g d⁻¹,0.0 g hr⁻¹,44.0098 g mol⁻¹,12.0107 g mol⁻¹,30.031 g mol⁻¹,18.01528 g mol⁻¹,0.3999433918284439,55.0 m⁻²,0.9 K⁻¹,-15.0 °C,true,3.8578759765655846e-19 d⁻¹,0.999999999998537,1.5 cm,0.0 MPa,0.0 mol m⁻² s⁻¹,0.04407301951371788,0.0005311675564738313,1627.9017345886505 μmol m⁻² s⁻¹,680.0015373454702 μmol m⁻² s⁻¹,0.9916371690748503 μmol m⁻² s⁻¹,0.9225270674508402 μmol m⁻² s⁻¹,0.2656157578872396 mmol m⁻² s⁻¹,0.04678144624071685 g d⁻¹,0.04352111009697346 g d⁻¹,7.517023463008666 g d⁻¹,2.9589932660214653 kPa,0.2782790260416553 mol bar⁻¹ m⁻² s⁻¹,1344.3637936573919 cm² g⁻¹,0.000743846274883276 g cm⁻²,11 d,2022-09-17
2022-09-18T12:00:00.000+08:00,0.126,0.12590229671848885 cm²,0.01936794831047579 g d⁻¹,0.003417873231260433 g d⁻¹,0.013671492925041733 g d⁻¹,0.005696455385434056 g d⁻¹,0.007007105570782952 g,1.0,0.001 g,10.0 % d⁻¹,4.478353309702361e-5 g d⁻¹,0.0004591134648158824 g,0.000126 g,0.0 g,0.0 g,0.0 g,0.003276547185688426 g,0.013106188742753704 g,0.005460911976147377 g,0.019026214183716965 g,0.022302761369405392 g,0.003276547185688426 g,0.013106188742753704 g,0.005460911976147377 g,0.019026214183716965 g,0.022302761369405392 g,0.0006295114835924442 g,54.99999999989246 m⁻²,8.316729842358555 cm²,8.316729842358555 cm²,1.0,0.04574201413288262,8.316729842358555 cm²,0.0 cm²,337.67187602745736 cm²,329.3551461850988 cm²,10,2,1,1,0,2,5,0.7,0.30000000000000004,0.9,0.09999999999999998,2.500353851149392,0.04163947811669535 g d⁻¹,vegetative,0.45,5.038860575124865e-5 g d⁻¹,0.0006085834790771071 g,0.0 g d⁻¹,0.007275526050615773 g,0.00788410952969288 g,0.034064652334255395 g d⁻¹,0.9754349747721532,0.2 hr⁻¹,false,0.0 hr⁻¹,0.19508699495443066 hr⁻¹,0.039 d⁻¹,0.0015134787032036478 g d⁻¹,0.03255117363105175 g d⁻¹,0.7,0.022785821541736223 g d⁻¹,0.0 g hr⁻¹,44.0098 g mol⁻¹,12.0107 g mol⁻¹,30.031 g mol⁻¹,18.01528 g mol⁻¹,0.3999433918284439,55.0 m⁻²,0.9 K⁻¹,-15.0 °C,true,1.571525149926671e-17 d⁻¹,0.9999999999980447,1.5 cm,0.0 MPa,0.0 mol m⁻² s⁻¹,0.04517947545551938,0.0005625386773632363,601.1053959801311 μmol m⁻² s⁻¹,250.9932721486153 μmol m⁻² s⁻¹,0.8826416778332784 μmol m⁻² s⁻¹,0.8296517069196969 μmol m⁻² s⁻¹,0.1738258438766062 mmol m⁻² s⁻¹,0.04163947811669535 g d⁻¹,0.039139624790397766 g d⁻¹,4.919335197925568 g d⁻¹,2.031363199544207 kPa,0.27684900501469906 mol bar⁻¹ m⁻² s⁻¹,634.5650902484372 cm² g⁻¹,0.0015758824671689585 g cm⁻²,12 d,2022-09-18
2022-09-19T12:00:00.000+08:00,0.126,0.32524643213248505 cm²,0.03093187638768034 g d⁻¹,0.005458566421355354 g d⁻¹,0.021834265685421416 g d⁻¹,0.009097610702258924 g d⁻¹,0.01086636484721204 g,1.0,0.001 g,10.0 % d⁻¹,4.237066751432961e-5 g d⁻¹,0.0004330785564141636 g,0.000126 g,0.0 g,0.0 g,0.0 g,0.005269022479480254 g,0.021076089917921016 g,0.008781704132467087 g,0.030290872606802265 g,0.03555989508628252 g,0.005269022479480254 g,0.021076089917921016 g,0.008781704132467087 g,0.030290872606802265 g,0.03555989508628252 g,0.0016262321606624252 g,54.99999999986509 m⁻²,14.36353700024786 cm²,14.36353700024786 cm²,1.0,0.07899945350116945,14.36353700024786 cm²,0.0 cm²,337.67187602745736 cm²,323.3083390272095 cm²,10,3,2,1,0,3,5,0.7,0.30000000000000004,0.9,0.09999999999999998,2.500353851149392,0.06975937552333432 g d⁻¹,vegetative,0.45,4.767374776285101e-5 g d⁻¹,0.0006378768966460585 g,0.0 g d⁻¹,0.01158851384052839 g,0.012226390737174448 g,0.054421136450191816 g d⁻¹,0.978359858432,0.2 hr⁻¹,false,0.0 hr⁻¹,0.19567197168640002 hr⁻¹,0.039 d⁻¹,0.0024347895801408214 g d⁻¹,0.05198634687005099 g d⁻¹,0.7,0.036390442809035695 g d⁻¹,0.0 g hr⁻¹,44.0098 g mol⁻¹,12.0107 g mol⁻¹,30.031 g mol⁻¹,18.01528 g mol⁻¹,0.3999433918284439,55.0 m⁻²,0.9 K⁻¹,-15.0 °C,true,1.3992642753744502e-17 d⁻¹,0.9999999999975471,1.5 cm,0.0 MPa,0.0 mol m⁻² s⁻¹,0.07731940568846267,0.0016800478127067808,567.8166629624204 μmol m⁻² s⁻¹,235.3908771486741 μmol m⁻² s⁻¹,1.4787056668656802 μmol m⁻² s⁻¹,1.3870247844671764 μmol m⁻² s⁻¹,0.30267161924468244 mmol m⁻² s⁻¹,0.06975937552333432 g d⁻¹,0.06543424088237211 g d⁻¹,8.56571794365163 g d⁻¹,2.1414344439292545 kPa,0.2629311122085591 mol bar⁻¹ m⁻² s⁻¹,681.5086221488614 cm² g⁻¹,0.0014673328663794526 g cm⁻²,13 d,2022-09-19
2022-09-20T12:00:00.000+08:00,0.126,0.3163464950405954 cm²,0.036381112556339794 g d⁻¹,0.006420196333471728 g d⁻¹,0.025680785333886912 g d⁻¹,0.01070032722245288 g d⁻¹,0.014372776832195877 g,1.0,0.001 g,10.0 % d⁻¹,3.5228789289520476e-5 g d⁻¹,0.0004089365791350857 g,0.000126 g,0.0 g,0.0 g,0.0 g,0.008112516684128554 g,0.03245006673651422 g,0.013520861140214249 g,0.04637986445586355 g,0.0544923811399921 g,0.008112516684128554 g,0.03245006673651422 g,0.013520861140214249 g,0.04637986445586355 g,0.0544923811399921 g,0.0015817324752029772 g,54.99999999983845 m⁻²,19.36222336011979 cm²,19.36222336011979 cm²,1.0,0.10649222848034604,19.36222336011979 cm²,0.0 cm²,399.37499148606946 cm²,380.01276812594966 cm²,11,3,2,1,0,3,5,0.7,0.30000000000000004,0.9,0.09999999999999998,2.500353851149392,0.10016910619304713 g d⁻¹,vegetative,0.45,3.963799753712234e-5 g d⁻¹,0.0006650404652849051 g,0.0 g d⁻¹,0.015506622091556368 g,0.016171662556841274 g,0.06412098698465901 g d⁻¹,0.8614731742518736,0.2 hr⁻¹,false,0.0 hr⁻¹,0.17229463485037474 hr⁻¹,0.039 d⁻¹,0.0029762599992139774 g d⁻¹,0.061144726985445035 g d⁻¹,0.7,0.04280130888981152 g d⁻¹,0.0 g hr⁻¹,44.0098 g mol⁻¹,12.0107 g mol⁻¹,30.031 g mol⁻¹,18.01528 g mol⁻¹,0.3999433918284439,55.0 m⁻²,0.9 K⁻¹,-15.0 °C,true,2.633362345189454e-16 d⁻¹,0.9999999999970628,1.5 cm,0.0 MPa,0.0 mol m⁻² s⁻¹,0.1034322342713787,0.00305999420896734,635.4321307535425 μmol m⁻² s⁻¹,261.9025959853884 μmol m⁻² s⁻¹,2.1233077828070757 μmol m⁻² s⁻¹,2.018190396222708 μmol m⁻² s⁻¹,0.31862594981158077 mmol m⁻² s⁻¹,0.10016910619304713 g d⁻¹,0.09521009142148879 g d⁻¹,9.017231355970198 g d⁻¹,1.350896763486924 kPa,0.31954739982684305 mol bar⁻¹ m⁻² s⁻¹,596.6774588581225 cm² g⁻¹,0.0016759473399811794 g cm⁻²,14 d,2022-09-20
2022-09-21T12:00:00.000+08:00,0.126,0.2297265449785999 cm²,0.042039706713107645 g d⁻¹,0.007418771772901349 g d⁻¹,0.029675087091605396 g d⁻¹,0.01236461962150225 g d⁻¹,0.017812500633298124 g,1.0,0.001 g,10.0 % d⁻¹,3.2902509731753244e-5 g d⁻¹,0.0003861188628596965 g,0.000126 g,0.0 g,0.0 g,0.0 g,0.012072171897141474 g,0.048288687588565894 g,0.02012028649523579 g,0.06879509294666139 g,0.08086726484380287 g,0.012072171897141474 g,0.048288687588565894 g,0.02012028649523579 g,0.06879509294666139 g,0.08086726484380287 g,0.0011486327248929995 g,54.99999999980933 m⁻²,22.64421686250421 cm²,22.64421686250421 cm²,1.0,0.1245431927433414,22.64421686250421 cm²,0.0 cm²,399.37499148606946 cm²,376.73077462356525 cm²,11,3,1,2,0,3,5,0.7,0.30000000000000004,0.9,0.09999999999999998,2.500353851149392,0.1270870559620221 g d⁻¹,vegetative,0.45,3.702056261412131e-5 g d⁻¹,0.0006907140294285268 g,0.0 g d⁻¹,0.019351185521252052 g,0.02004189955068058 g,0.0791510757347671 g d⁻¹,0.8521342233339422,0.2 hr⁻¹,false,0.0 hr⁻¹,0.17042684466678845 hr⁻¹,0.039 d⁻¹,0.008496106469039949 g d⁻¹,0.07065496926572715 g d⁻¹,0.7,0.049458478486009 g d⁻¹,0.0 g hr⁻¹,44.0098 g mol⁻¹,12.0107 g mol⁻¹,30.031 g mol⁻¹,18.01528 g mol⁻¹,0.3999433918284439,55.0 m⁻²,0.9 K⁻¹,-15.0 °C,true,5.389226455547269e-20 d⁻¹,0.9999999999965333,1.5 cm,0.0 MPa,0.0 mol m⁻² s⁻¹,0.12034083791495272,0.0042023548283886825,1643.031994516306 μmol m⁻² s⁻¹,674.6790749180474 μmol m⁻² s⁻¹,2.693893808915581 μmol m⁻² s⁻¹,2.476690872607067 μmol m⁻² s⁻¹,0.7899752457202759 mmol m⁻² s⁻¹,0.1270870559620221 g d⁻¹,0.11684029655732703 g d⁻¹,22.356589475418797 g d⁻¹,3.3231101895079678 kPa,0.2717549250173055 mol bar⁻¹ m⁻² s⁻¹,468.9341954256394 cm² g⁻¹,0.0021324953687634697 g cm⁻²,15 d,2022-09-21
2022-09-22T12:00:00.000+08:00,0.126,0.40808733803783737 cm²,0.05414665442704541 g d⁻¹,0.009555291957713895 g d⁻¹,0.03822116783085558 g d⁻¹,0.015925486596189826 g d⁻¹,0.022315828477382553 g,1.0,0.001 g,10.0 % d⁻¹,3.197589976655871e-5 g d⁻¹,0.0003647922156194579 g,0.000126 g,0.0 g,0.0 g,0.0 g,0.016955441451812246 g,0.06782176580724898 g,0.028259069086353745 g,0.09644562710922219 g,0.11340106856103443 g,0.016955441451812246 g,0.06782176580724898 g,0.028259069086353745 g,0.09644562710922219 g,0.11340106856103443 g,0.0020404366901891867 g,54.999999999776634 m⁻²,29.767450393249415 cm²,29.767450393249415 cm²,1.0,0.16372097716220688,29.767450393249415 cm²,0.0 cm²,465.0021268804548 cm²,435.2346764872054 cm²,12,4,2,2,0,4,5,0.7,0.30000000000000004,0.9,0.09999999999999998,2.500353851149392,0.16838553390502614 g d⁻¹,vegetative,0.45,3.5977978856376906e-5 g d⁻¹,0.0007147099034801828 g,0.0 g d⁻¹,0.02439415055027555 g,0.025108860453755735 g,0.10263704710624502 g d⁻¹,0.8765510446065868,0.2 hr⁻¹,false,0.0 hr⁻¹,0.17531020892131738 hr⁻¹,0.039 d⁻¹,0.01163426655658887 g d⁻¹,0.09100278054965616 g d⁻¹,0.7,0.0637019463847593 g d⁻¹,0.0 g hr⁻¹,44.0098 g mol⁻¹,12.0107 g mol⁻¹,30.031 g mol⁻¹,18.01528 g mol⁻¹,0.3999433918284439,55.0 m⁻²,0.9 K⁻¹,-15.0 °C,true,7.338260752741899e-20 d⁻¹,0.9999999999959388,1.5 cm,0.0 MPa,0.0 mol m⁻² s⁻¹,0.1564572472443196,0.007263729917887263,1643.0435097696309 μmol m⁻² s⁻¹,669.4271900328628 μmol m⁻² s⁻¹,3.5693072269529926 μmol m⁻² s⁻¹,3.288886399077753 μmol m⁻² s⁻¹,1.0226410592647424 mmol m⁻² s⁻¹,0.16838553390502614 g d⁻¹,0.15515640908682696 g d⁻¹,28.941117416732812 g d⁻¹,3.2108430616443173 kPa,0.27706557080298055 mol bar⁻¹ m⁻² s⁻¹,438.907038749908 cm² g⁻¹,0.0022783867919917464 g cm⁻²,16 d,2022-09-22
2022-09-23T12:00:00.000+08:00,0.126,0.45433168295338766 cm²,0.06944812436563723 g d⁻¹,0.012255551358641864 g d⁻¹,0.04902220543456746 g d⁻¹,0.020425918931069775 g d⁻¹,0.026667088970157165 g,1.0,0.001 g,10.0 % d⁻¹,3.2233337362738136e-5 g d⁻¹,0.0003446396517027588 g,0.000126 g,0.0 g,0.0 g,0.0 g,0.022984382089477184 g,0.09193752835790873 g,0.03830730348246198 g,0.13058947149207348 g,0.15357385358155065 g,0.022984382089477184 g,0.09193752835790873 g,0.03830730348246198 g,0.13058947149207348 g,0.15357385358155065 g,0.0022716584147669384 g,54.99999999974373 m⁻²,36.86031940305756 cm²,36.86031940305756 cm²,1.0,0.20273175671587196,36.86031940305756 cm²,0.0 cm²,465.0021268804548 cm²,428.14180747739726 cm²,12,4,2,2,0,4,5,0.7,0.30000000000000004,0.9,0.09999999999999998,2.500353851149392,0.20996260604009534 g d⁻¹,vegetative,0.45,3.6267637144643947e-5 g d⁻¹,0.0007373847468400267 g,0.0 g d⁻¹,0.029267336625624148 g,0.030004721372464176 g,0.13139065300256816 g d⁻¹,0.9352765186328126,0.2 hr⁻¹,false,0.0 hr⁻¹,0.18705530372656254 hr⁻¹,0.039 d⁻¹,0.01467111625359802 g d⁻¹,0.11671953674897015 g d⁻¹,0.7,0.0817036757242791 g d⁻¹,0.0 g hr⁻¹,44.0098 g mol⁻¹,12.0107 g mol⁻¹,30.031 g mol⁻¹,18.01528 g mol⁻¹,0.3999433918284439,55.0 m⁻²,0.9 K⁻¹,-15.0 °C,true,1.8526494818451248e-19 d⁻¹,0.9999999999953405,1.5 cm,0.0 MPa,0.0 mol m⁻² s⁻¹,0.1915912935981347,0.011140463117737254,1643.5112209223944 μmol m⁻² s⁻¹,664.5745017897274 μmol m⁻² s⁻¹,4.450626070711282 μmol m⁻² s⁻¹,4.122699031266782 μmol m⁻² s⁻¹,1.2290069485957575 mmol m⁻² s⁻¹,0.20996260604009534 g d⁻¹,0.1944923295668852 g d⁻¹,34.78134784739121 g d⁻¹,3.0736024627414738 kPa,0.2765494408404622 mol bar⁻¹ m⁻² s⁻¹,400.92789159571447 cm² g⁻¹,0.002494214099248487 g cm⁻²,17 d,2022-09-23
2022-09-24T12:00:00.000+08:00,0.126,0.2532418864903181 cm²,0.033724877564516656 g d⁻¹,0.0059514489819735275 g d⁻¹,0.02380579592789411 g d⁻¹,0.009919081636622546 g d⁻¹,0.01899321220412027 g,0.98023336189546,0.001 g,10.0 % d⁻¹,2.137103675329801e-5 g d⁻¹,0.00032671930735033924 g,0.000126 g,0.0 g,0.0 g,0.0 g,0.029295119214025573 g,0.11718047685610229 g,0.04882519869004265 g,0.16633239485349527 g,0.19562751406752085 g,0.028716053194292573 g,0.1148642127771703 g,0.04786008865715431 g,0.16305102074167493 g,0.1917670739359675 g,0.0012662094324515905 g,54.99999999971118 m⁻²,45.52129314916488 cm²,44.62149022143466 cm²,0.98023336189546,0.24541819621660188,44.62149022143466 cm²,0.8998029277302299 cm²,465.0021268804548 cm²,420.3806366590201 cm²,12,5,3,2,0,5,5,0.7,0.30000000000000004,0.9,0.09999999999999998,2.500353851149392,0.07695414528441558 g d⁻¹,vegetative,0.45,2.4045819322123745e-5 g d⁻¹,0.0007575479877469994 g,0.0 g d⁻¹,0.020612840088374388 g,0.021370388076121388 g,0.06471871160957951 g d⁻¹,0.6541100042912973,0.2 hr⁻¹,false,0.0 hr⁻¹,0.13082200085825946 hr⁻¹,0.039 d⁻¹,0.008038245114593532 g d⁻¹,0.05668046649498598 g d⁻¹,0.7,0.039676326546490184 g d⁻¹,0.0 g hr⁻¹,44.0098 g mol⁻¹,12.0107 g mol⁻¹,30.031 g mol⁻¹,18.01528 g mol⁻¹,0.3999433918284439,55.0 m⁻²,0.9 K⁻¹,-15.0 °C,true,8.181507257188949e-15 d⁻¹,0.9999999999947488,1.5 cm,0.0 MPa,0.0 mol m⁻² s⁻¹,0.2290996124799615,0.016318583736640385,113.22667152576497 μmol m⁻² s⁻¹,45.41775389195163 μmol m⁻² s⁻¹,1.6312148706447127 μmol m⁻² s⁻¹,1.4333007992450506 μmol m⁻² s⁻¹,0.16915662621765676 mmol m⁻² s⁻¹,0.07695414528441558 g d⁻¹,0.06761735680951633 g d⁻¹,4.787194623995672 g d⁻¹,0.47685815268131754 kPa,0.1818921094734855 mol bar⁻¹ m⁻² s⁻¹,388.4716496337958 cm² g⁻¹,0.0025741904227571805 g cm⁻²,18 d,2022-09-24
2022-09-25T12:00:00.000+08:00,0.126,0.34880695145134766 cm²,0.04157680973547495 g d⁻¹,0.007337084070966168 g d⁻¹,0.02934833628386467 g d⁻¹,0.01222847345161028 g d⁻¹,0.019867340458520486 g,0.9367892298356564,0.001 g,10.0 % d⁻¹,2.3929290410334504e-5 g d⁻¹,0.0003110742069553268 g,0.000126 g,0.0 g,0.0 g,0.0 g,0.032504205339248644 g,0.13001682135699458 g,0.054173675565414435 g,0.18450157112936433 g,0.21700577646861297 g,0.030449589486174766 g,0.12179835794469906 g,0.0507493158102913 g,0.1728587479619457 g,0.20330833744812046 g,0.0017440347572567382 g,54.999999999678586 m⁻²,50.31281795470752 cm²,47.13250598265204 cm²,0.9367892298356564,0.25922878290307133,47.13250598265204 cm²,3.1803119720554767 cm²,534.2843476559844 cm²,487.1518416733324 cm²,13,5,2,3,0,5,5,0.7,0.30000000000000004,0.9,0.09999999999999998,2.500353851149392,0.21679331258210324 g d⁻¹,vegetative,0.45,2.6924262044738442e-5 g d⁻¹,0.0007751512169079293 g,0.0 g d⁻¹,0.021578770335493092 g,0.022353921552401023 g,0.0796771420596882 g d⁻¹,0.769247011655035,0.2 hr⁻¹,false,0.0 hr⁻¹,0.153849402331007 hr⁻¹,0.039 d⁻¹,0.009800150907629448 g d⁻¹,0.06987699115205875 g d⁻¹,0.7,0.04891389380644112 g d⁻¹,0.0 g hr⁻¹,44.0098 g mol⁻¹,12.0107 g mol⁻¹,30.031 g mol⁻¹,18.01528 g mol⁻¹,0.3999433918284439,55.0 m⁻²,0.9 K⁻¹,-15.0 °C,true,1.3318599113267863e-15 d⁻¹,0.9999999999941561,1.5 cm,0.0 MPa,0.0 mol m⁻² s⁻¹,0.24093241024033615,0.018296372662735177,471.4760657817717 μmol m⁻² s⁻¹,188.64457186838746 μmol m⁻² s⁻¹,4.595418141973201 μmol m⁻² s⁻¹,4.356204514716259 μmol m⁻² s⁻¹,0.4144075899700696 mmol m⁻² s⁻¹,0.21679331258210324 g d⁻¹,0.20550817746150568 g d⁻¹,11.727886936549812 g d⁻¹,0.6330733795820673 kPa,0.3460274938396586 mol bar⁻¹ m⁻² s⁻¹,386.9716043631059 cm² g⁻¹,0.0025841689383019253 g cm⁻²,19 d,2022-09-25
2022-09-26T12:00:00.000+08:00,0.126,0.6038530934330215 cm²,0.09292088960421035 g d⁻¹,0.016397804047801827 g d⁻¹,0.06559121619120731 g d⁻¹,0.027329673413003047 g d⁻¹,0.035298366602674984 g,0.9042745675026497,0.001 g,10.0 % d⁻¹,2.8055312668072082e-5 g d⁻¹,0.00029521626179584417 g,0.000126 g,0.0 g,0.0 g,0.0 g,0.0379797372583528 g,0.1519189490334112 g,0.06329956209725472 g,0.21551372739246177 g,0.25349346465081457 g,0.034344110483161244 g,0.13737644193264498 g,0.05724018413860213 g,0.19491184233304296 g,0.2292559528162042 g,0.0030192654671651075 g,54.99999999964765 m⁻²,58.08896023689651 cm²,52.528369394898206 cm²,0.9042745675026497,0.2889060316700893,52.528369394898206 cm²,5.560590841998309 cm²,534.2843476559844 cm²,481.7559782610862 cm²,13,5,2,3,0,5,5,0.7,0.30000000000000004,0.9,0.09999999999999998,2.500353851149392,0.29807064578655545 g d⁻¹,vegetative,0.45,3.156669408366646e-5 g d⁻¹,0.0007929939303208019 g,0.0 g d⁻¹,0.03892328916310586 g,0.03971628309342667 g,0.1775520154719752 g d⁻¹,0.9503308692213452,0.2 hr⁻¹,false,0.0 hr⁻¹,0.19006617384426905 hr⁻¹,0.039 d⁻¹,0.021382453111957765 g d⁻¹,0.15616956236001742 g d⁻¹,0.7,0.10931869365201219 g d⁻¹,0.0 g hr⁻¹,44.0098 g mol⁻¹,12.0107 g mol⁻¹,30.031 g mol⁻¹,18.01528 g mol⁻¹,0.3999433918284439,55.0 m⁻²,0.9 K⁻¹,-15.0 °C,true,2.5249386537480727e-19 d⁻¹,0.9999999999935937,1.5 cm,0.0 MPa,0.0 mol m⁻² s⁻¹,0.2661358472125125,0.022770184457576836,1653.1084407266283 μmol m⁻² s⁻¹,657.8860389977976 μmol m⁻² s⁻¹,6.318272629916495 μmol m⁻² s⁻¹,5.860333546629411 μmol m⁻² s⁻¹,1.7311075338994246 mmol m⁻² s⁻¹,0.29807064578655545 g d⁻¹,0.2764669249151298 g d⁻¹,48.9909787464553 g d⁻¹,3.054946058660907 kPa,0.2730775460434392 mol bar⁻¹ m⁻² s⁻¹,382.36810224458003 cm² g⁻¹,0.00261528091420229 g cm⁻²,20 d,2022-09-26
2022-09-27T12:00:00.000+08:00,0.126,0.5877478681263613 cm²,0.13783488448741343 g d⁻¹,0.02432380314483766 g d⁻¹,0.09729521257935064 g d⁻¹,0.04053967190806277 g d⁻¹,0.04791682496438273 g,0.9071085041336825,0.001 g,10.0 % d⁻¹,2.7868974001583327e-5 g d⁻¹,0.0002787647397073738 g,0.000126 g,0.0 g,0.0 g,0.0 g,0.048399183363666845 g,0.19359673345466738 g,0.08066530560611151 g,0.2745408038004863 g,0.3229399871641531 g,0.04390331082230765 g,0.1756132432892306 g,0.07317218470384616 g,0.24906419273278413 g,0.29296750355509177 g,0.0029387393406318063 g,54.99999999961567 m⁻²,70.60476088297047 cm²,64.04617902926768 cm²,0.9071085041336825,0.3522539846585107,64.04617902926768 cm²,6.558581853702791 cm²,606.9597543923276 cm²,542.9135753630599 cm²,14,6,3,3,1,5,5,0.7,0.30000000000000004,0.9,0.09999999999999998,2.500353851149392,0.38075940329790264 g d⁻¹,vegetative,0.45,3.135703341259852e-5 g d⁻¹,0.0008115045122958312 g,0.0 g d⁻¹,0.05310255351324974 g,0.053914058025545566 g,0.25482367989557586 g d⁻¹,0.999730957037037,0.2 hr⁻¹,false,0.0 hr⁻¹,0.1999461914074074 hr⁻¹,0.039 d⁻¹,0.023168411849502857 g d⁻¹,0.231655268046073 g d⁻¹,0.7,0.16215868763225108 g d⁻¹,0.0 g hr⁻¹,44.0098 g mol⁻¹,12.0107 g mol⁻¹,30.031 g mol⁻¹,18.01528 g mol⁻¹,0.3999433918284439,55.0 m⁻²,0.9 K⁻¹,-15.0 °C,true,2.1522884553193643e-18 d⁻¹,0.9999999999930121,1.5 cm,0.0 MPa,0.0 mol m⁻² s⁻¹,0.31855033926566056,0.033703645392850146,1650.0399525488697 μmol m⁻² s⁻¹,649.2871429269144 μmol m⁻² s⁻¹,8.071045406335639 μmol m⁻² s⁻¹,7.5783834210626395 μmol m⁻² s⁻¹,1.90636448230352 mmol m⁻² s⁻¹,0.38075940329790264 g d⁻¹,0.35751759581248627 g d⁻¹,53.95081472795984 g d⁻¹,2.4355874763231053 kPa,0.30570914715502073 mol bar⁻¹ m⁻² s⁻¹,364.70016628407257 cm² g⁻¹,0.002741978459151782 g cm⁻²,21 d,2022-09-27
2022-09-28T12:00:00.000+08:00,0.126,0.514879010669222 cm²,0.12309872975865896 g d⁻¹,0.02172330525152805 g d⁻¹,0.0868932210061122 g d⁻¹,0.03620550875254675 g d⁻¹,0.05480280678790164 g,0.9165693852703086,0.001 g,10.0 % d⁻¹,2.2248702228739297e-5 g d⁻¹,0.0002636353666140534 g,0.000126 g,0.0 g,0.0 g,0.0 g,0.06108559998336915 g,0.2443423999334766 g,0.10180933330561541 g,0.34641536860570604 g,0.4075009685890752 g,0.05598919082562463 g,0.22395676330249853 g,0.09331531804270787 g,0.31753571671182046 g,0.3735249075374451 g,0.0025743950533461102 g,54.999999999578904 m⁻²,78.61121334119449 cm²,72.05263148749171 cm²,0.9165693852703086,0.3962894731781703,72.05263148749171 cm²,6.558581853702791 cm²,606.9597543923276 cm²,534.9071229048359 cm²,14,6,2,4,1,5,5,0.7,0.30000000000000004,0.9,0.09999999999999998,2.500353851149392,0.39587965621630844 g d⁻¹,vegetative,0.45,2.5033332735316963e-5 g d⁻¹,0.0008285274661215427 g,0.0 g d⁻¹,0.06083335658654512 g,0.06166188405266666 g,0.2464245832237188 g d⁻¹,0.8439194829770348,0.2 hr⁻¹,false,0.0 hr⁻¹,0.16878389659540696 hr⁻¹,0.039 d⁻¹,0.0395359617805945 g d⁻¹,0.2068886214431243 g d⁻¹,0.7,0.144822035010187 g d⁻¹,0.0 g hr⁻¹,44.0098 g mol⁻¹,12.0107 g mol⁻¹,30.031 g mol⁻¹,18.01528 g mol⁻¹,0.3999433918284439,55.0 m⁻²,0.9 K⁻¹,-15.0 °C,true,4.890046730990595e-20 d⁻¹,0.9999999999923437,1.5 cm,0.0 MPa,0.0 mol m⁻² s⁻¹,0.35366549734409974,0.04262397583407057,1651.1204491244553 μmol m⁻² s⁻¹,644.7897096832398 μmol m⁻² s⁻¹,8.391552915278542 μmol m⁻² s⁻¹,7.700827019358436 μmol m⁻² s⁻¹,2.503039593442112 mmol m⁻² s⁻¹,0.39587965621630844 g d⁻¹,0.36329399144397634 g d⁻¹,70.83693942905359 g d⁻¹,3.441082089117821 kPa,0.2609981412674376 mol bar⁻¹ m⁻² s⁻¹,321.72563322041844 cm² g⁻¹,0.0031082385012041825 g cm⁻²,22 d,2022-09-28
2022-09-29T12:00:00.000+08:00,0.126,0.7084576591578711 cm²,0.1355199501890318 g d⁻¹,0.023915285327476197 g d⁻¹,0.09566114130990479 g d⁻¹,0.039858808879126996 g d⁻¹,0.05861363800791817 g,0.9263832467052397,0.001 g,10.0 % d⁻¹,2.193022370013896e-5 g d⁻¹,0.00024897222995416034 g,0.000126 g,0.0 g,0.0 g,0.0 g,0.07525831289228407 g,0.3010332515691363 g,0.12543052148714032 g,0.42671274528623077 g,0.5019710581785148 g,0.06971804023871292 g,0.2788721609548517 g,0.11619673373118838 g,0.39531786691599424 g,0.46503590715470716 g,0.0035422882957893555 g,54.999999999546695 m⁻²,89.09088706265476 cm²,82.53230520895195 cm²,0.9263832467052397,0.45392767864549455,82.53230520895195 cm²,6.558581853702791 cm²,682.7733851634862 cm²,600.2410799545343 cm²,15,6,2,4,1,5,5,0.7,0.30000000000000004,0.9,0.09999999999999998,2.500353851149392,0.45776445197768223 g d⁻¹,vegetative,0.45,2.467499367834455e-5 g d⁻¹,0.0008450258297194149 g,0.0 g d⁻¹,0.06510465015561914 g,0.06594967598533856 g,0.2752614539402832 g d⁻¹,0.8808301112207034,0.2 hr⁻¹,false,0.0 hr⁻¹,0.17616602224414069 hr⁻¹,0.039 d⁻¹,0.04749683177384319 g d⁻¹,0.22776462216644 g d⁻¹,0.7,0.15943523551650798 g d⁻¹,0.0 g hr⁻¹,44.0098 g mol⁻¹,12.0107 g mol⁻¹,30.031 g mol⁻¹,18.01528 g mol⁻¹,0.3999433918284439,55.0 m⁻²,0.9 K⁻¹,-15.0 °C,true,7.773354998162215e-20 d⁻¹,0.9999999999917581,1.5 cm,0.0 MPa,0.0 mol m⁻² s⁻¹,0.3981913017963913,0.055736376849103264,1650.0629767416929 μmol m⁻² s⁻¹,638.1089762077369 μmol m⁻² s⁻¹,9.703339288046262 μmol m⁻² s⁻¹,8.933849227084108 μmol m⁻² s⁻¹,2.8055394760918055 mmol m⁻² s⁻¹,0.45776445197768223 g d⁻¹,0.4214630112465978 g d⁻¹,79.39779716410888 g d⁻¹,3.290866220968 kPa,0.2668823323784381 mol bar⁻¹ m⁻² s⁻¹,295.950319767894 cm² g⁻¹,0.003378945495934161 g cm⁻²,23 d,2022-09-29
2022-09-30T12:00:00.000+08:00,0.126,0.7413831619024229 cm²,0.1965416681152254 g d⁻¹,0.03468382378503977 g d⁻¹,0.1387352951401591 g d⁻¹,0.05780637297506629 g d⁻¹,0.07037021566398499 g,0.9365363847931182,0.001 g,10.0 % d⁻¹,2.3146509406682176e-5 g d⁻¹,0.0002354030964440575 g,0.000126 g,0.0 g,0.0 g,0.0 g,0.09043246962786033 g,0.36172987851144134 g,0.15072078271310077 g,0.5126860643209862 g,0.6031185339488465 g,0.08469329817318978 g,0.33877319269275913 g,0.1411554969553165 g,0.4801640927445197 g,0.5648573909177095 g,0.0037069158095121148 g,54.99999999951461 m⁻²,103.34396854517031 cm²,96.78538669146752 cm²,0.9365363847931182,0.5323196267983735,96.78538669146752 cm²,6.558581853702791 cm²,682.7733851634862 cm²,585.9879984720187 cm²,15,7,3,4,1,6,5,0.7,0.30000000000000004,0.9,0.09999999999999998,2.500353851149392,0.48613871783361623 g d⁻¹,vegetative,0.45,2.6043508771048533e-5 g d⁻¹,0.0008602932655723507 g,0.0 g d⁻¹,0.07831740461817381 g,0.07917769788374616 g,0.369634806695714 g d⁻¹,0.9832712379882752,0.2 hr⁻¹,false,0.0 hr⁻¹,0.19665424759765504 hr⁻¹,0.039 d⁻¹,0.03931267540962092 g d⁻¹,0.3303221312860931 g d⁻¹,0.7,0.23122549190026517 g d⁻¹,0.0 g hr⁻¹,44.0098 g mol⁻¹,12.0107 g mol⁻¹,30.031 g mol⁻¹,18.01528 g mol⁻¹,0.3999433918284439,55.0 m⁻²,0.9 K⁻¹,-15.0 °C,true,1.1315027097277265e-17 d⁻¹,0.9999999999911746,1.5 cm,0.0 MPa,0.0 mol m⁻² s⁻¹,0.45622979754536264,0.07608982925301089,705.4984877741424 μmol m⁻² s⁻¹,269.3011993451408 μmol m⁻² s⁻¹,10.304795184101785 μmol m⁻² s⁻¹,9.671280327449859 μmol m⁻² s⁻¹,2.0579441452664784 mmol m⁻² s⁻¹,0.48613871783361623 g d⁻¹,0.4562520393854643 g d⁻¹,58.24057483897681 g d⁻¹,2.0445184058839123 kPa,0.28021975395292437 mol bar⁻¹ m⁻² s⁻¹,285.6937584764693 cm² g⁻¹,0.00350025147673068 g cm⁻²,24 d,2022-09-30
2022-10-01T12:00:00.000+08:00,0.126,0.5470456488776034 cm²,0.1964801650134373 g d⁻¹,0.034672970296488935 g d⁻¹,0.13869188118595574 g d⁻¹,0.05778828382748156 g d⁻¹,0.07538907192358882 g,0.9423013374076595,0.001 g,10.0 % d⁻¹,2.1587356339507545e-5 g d⁻¹,0.0002225109295326599 g,0.000126 g,0.0 g,0.0 g,0.0 g,0.10766660939675222 g,0.4306664375870089 g,0.17944434899458725 g,0.6103332975111289 g,0.7179999069078811 g,0.10145439002870771 g,0.40581756011483083 g,0.16909065004784637 g,0.5751307210922099 g,0.6765851111209176 g,0.0027352282443880173 g,54.99999999947824 m⁻²,113.6695645797073 cm²,107.11098272600451 cm²,0.9423013374076595,0.5891104049874362,107.11098272600451 cm²,6.558581853702791 cm²,682.7733851634862 cm²,575.6624024374817 cm²,16,7,2,5,1,6,5,0.7,0.30000000000000004,0.9,0.09999999999999998,2.500353851149392,0.6019177662937608 g d⁻¹,vegetative,0.45,2.428921330182987e-5 g d⁻¹,0.0008747990062063088 g,0.0 g d⁻¹,0.08394991133721941 g,0.08482471034342572 g,0.3909395345955341 g d⁻¹,0.9701706062190971,0.2 hr⁻¹,false,0.0 hr⁻¹,0.19403412124381944 hr⁻¹,0.039 d⁻¹,0.060720769867068015 g d⁻¹,0.33021876472846606 g d⁻¹,0.7,0.23115313530992623 g d⁻¹,0.0 g hr⁻¹,44.0098 g mol⁻¹,12.0107 g mol⁻¹,30.031 g mol⁻¹,18.01528 g mol⁻¹,0.3999433918284439,55.0 m⁻²,0.9 K⁻¹,-15.0 °C,true,4.1683353809250103e-19 d⁻¹,0.9999999999905135,1.5 cm,0.0 MPa,0.0 mol m⁻² s⁻¹,0.4962285348422397,0.09288187014519644,1645.874482085725 μmol m⁻² s⁻¹,622.5472371883149 μmol m⁻² s⁻¹,12.758990534565974 μmol m⁻² s⁻¹,11.859150398473242 μmol m⁻² s⁻¹,3.411749391643731 mmol m⁻² s⁻¹,0.6019177662937608 g d⁻¹,0.5594669342102149 g d⁻¹,96.55376033068293 g d⁻¹,2.9841476320061804 kPa,0.26971764268795617 mol bar⁻¹ m⁻² s⁻¹,263.93875783910437 cm² g⁻¹,0.0037887576958651695 g cm⁻²,25 d,2022-10-01
2022-10-02T12:00:00.000+08:00,0.126,0.7407390059545089 cm²,0.2690248617314392 g d⁻¹,0.047474975599665736 g d⁻¹,0.18989990239866295 g d⁻¹,0.07912495933277623 g d⁻¹,0.09840127343309396 g,0.9487493403416983,0.001 g,10.0 % d⁻¹,2.077778142521541e-5 g d⁻¹,0.00021026212050816043 g,0.000126 g,0.0 g,0.0 g,0.0 g,0.1274699422180321 g,0.5098797688721284 g,0.21244990369672032 g,0.7225399346893568 g,0.8500098769073889 g,0.12093702359275235 g,0.4837480943710094 g,0.20156170598792073 g,0.6855200624794383 g,0.8064570860721907 g,0.0037036950297725446 g,54.99999999944333 m⁻²,127.97068169327291 cm²,121.41209983957012 cm²,0.9487493403416983,0.6677665491108771,121.41209983957012 cm²,6.558581853702791 cm²,761.4771077241325 cm²,640.0650078845623 cm²,16,8,3,5,1,7,5,0.7,0.30000000000000004,0.9,0.09999999999999998,2.500353851149392,0.6886686852907632 g d⁻¹,vegetative,0.45,2.3378312612194945e-5 g d⁻¹,0.0008885808667736892 g,0.0 g d⁻¹,0.10982852047712469 g,0.11071710134389838 g,0.5209481545522434 g d⁻¹,0.9881847179605994,0.2 hr⁻¹,false,0.0 hr⁻¹,0.1976369435921199 hr⁻¹,0.039 d⁻¹,0.06880552979352207 g d⁻¹,0.45214262475872136 g d⁻¹,0.7,0.3164998373311049 g d⁻¹,0.0 g hr⁻¹,44.0098 g mol⁻¹,12.0107 g mol⁻¹,30.031 g mol⁻¹,18.01528 g mol⁻¹,0.3999433918284439,55.0 m⁻²,0.9 K⁻¹,-15.0 °C,true,8.040705007824177e-19 d⁻¹,0.9999999999898788,1.5 cm,0.0 MPa,0.0 mol m⁻² s⁻¹,0.5493191322344628,0.11844741687641425,1642.7302075707257 μmol m⁻² s⁻¹,613.6578727322199 μmol m⁻² s⁻¹,14.597869890391276 μmol m⁻² s⁻¹,13.6182522979075 μmol m⁻² s⁻¹,3.7435029151555708 mmol m⁻² s⁻¹,0.6886686852907632 g d⁻¹,0.642454274245247 g d⁻¹,105.94250684199064 g d⁻¹,2.809164184695585 kPa,0.276536340713739 mol bar⁻¹ m⁻² s⁻¹,250.98207362953127 cm² g⁻¹,0.003984348306389708 g cm⁻²,26 d,2022-10-02
2022-10-03T12:00:00.000+08:00,0.126,0.8281969634771296 cm²,0.2376090812031405 g d⁻¹,0.041931014329965974 g d⁻¹,0.1677240573198639 g d⁻¹,0.06988502388327662 g d⁻¹,0.10560216748325167 g,0.9537659249087223,0.001 g,10.0 % d⁻¹,1.7459666034522324e-5 g d⁻¹,0.00019886526361096924 g,0.000126 g,0.0 g,0.0 g,0.0 g,0.14978846833311427 g,0.5991538733324571 g,0.24964744722185728 g,0.8490001858179252 g,0.9987886541510396 g,0.14286313704039358 g,0.5714525481615743 g,0.23810522840065612 g,0.8097566418258414 g,0.952619778866235 g,0.004140984817385648 g,54.9999999994056 m⁻²,141.85601941326786 cm²,135.29743755956508 cm²,0.9537659249087223,0.744135906569566,135.29743755956508 cm²,6.558581853702791 cm²,761.4771077241325 cm²,626.1796701645674 cm²,16,8,3,5,1,7,5,0.7,0.30000000000000004,0.9,0.09999999999999998,2.500353851149392,0.7400941315420788 g d⁻¹,vegetative,0.45,1.9644904444140055e-5 g d⁻¹,0.0009014041455389399 g,0.0 g d⁻¹,0.1179178496248732 g,0.11881925377041214 g,0.4969329452295352 g d⁻¹,0.8779645935892477,0.2 hr⁻¹,false,0.0 hr⁻¹,0.17559291871784954 hr⁻¹,0.039 d⁻¹,0.09758995161081165 g d⁻¹,0.39934299361872355 g d⁻¹,0.7,0.2795400955331065 g d⁻¹,0.0 g hr⁻¹,44.0098 g mol⁻¹,12.0107 g mol⁻¹,30.031 g mol⁻¹,18.01528 g mol⁻¹,0.3999433918284439,55.0 m⁻²,0.9 K⁻¹,-15.0 °C,true,7.478272827288534e-20 d⁻¹,0.9999999999891928,1.5 cm,0.0 MPa,0.0 mol m⁻² s⁻¹,0.5980941044255661,0.14604180214399987,1640.4606896401915 μmol m⁻² s⁻¹,605.6077217692825 μmol m⁻² s⁻¹,15.687947005060213 μmol m⁻² s⁻¹,14.431059318562674 μmol m⁻² s⁻¹,4.524439997002594 mmol m⁻² s⁻¹,0.7400941315420788 g d⁻¹,0.6807992346072357 g d⁻¹,128.04331296187394 g d⁻¹,3.296124048893646 kPa,0.2641835814033148 mol bar⁻¹ m⁻² s⁻¹,236.7605814250576 cm² g⁻¹,0.0042236760611965825 g cm⁻²,27 d,2022-10-03
2022-10-04T12:00:00.000+08:00,0.126,0.6925667719934359 cm²,0.274708556787463 g d⁻¹,0.04847798060955229 g d⁻¹,0.19391192243820915 g d⁻¹,0.08079663434925381 g d⁻¹,0.11073293780036787 g,0.9576433900183526,0.001 g,10.0 % d⁻¹,1.7883692844343253e-5 g d⁻¹,0.00018785005242333972 g,0.000126 g,0.0 g,0.0 g,0.0 g,0.17423538176105335 g,0.6969415270442134 g,0.29039230293508894 g,0.9875216800317257 g,1.161757061792779 g,0.16685536165079698 g,0.6674214466031879 g,0.278092269417995 g,0.9457015660736062 g,1.1125569277244032 g,0.0034628338599671793 g,54.99999999937314 m⁻²,154.84199175865416 cm²,148.28340990495138 cm²,0.9576433900183526,0.8155587544679372,148.28340990495138 cm²,6.558581853702791 cm²,842.8295092628375 cm²,694.5460993578861 cm²,17,8,2,6,1,7,5,0.7,0.30000000000000004,0.9,0.09999999999999998,2.500353851149392,0.8287973065890942 g d⁻¹,vegetative,0.45,2.0122002124256915e-5 g d⁻¹,0.000913798012110336 g,0.0 g d⁻¹,0.12367838935309582 g,0.12459218736520615 g,0.5651723931441088 g d⁻¹,0.952019582301765,0.2 hr⁻¹,false,0.0 hr⁻¹,0.190403916460353 hr⁻¹,0.039 d⁻¹,0.10347733971980126 g d⁻¹,0.46169505342430756 g d⁻¹,0.7,0.32318653739701525 g d⁻¹,0.0 g hr⁻¹,44.0098 g mol⁻¹,12.0107 g mol⁻¹,30.031 g mol⁻¹,18.01528 g mol⁻¹,0.3999433918284439,55.0 m⁻²,0.9 K⁻¹,-15.0 °C,true,2.622208146673327e-19 d⁻¹,0.9999999999886025,1.5 cm,0.0 MPa,0.0 mol m⁻² s⁻¹,0.6412360413728433,0.17432271309509395,1639.3609465847358 μmol m⁻² s⁻¹,598.6945097893655 μmol m⁻² s⁻¹,17.5682087852894 μmol m⁻² s⁻¹,16.28970176962774 μmol m⁻² s⁻¹,4.694670511142164 mmol m⁻² s⁻¹,0.8287973065890942 g d⁻¹,0.7684824968104838 g d⁻¹,132.86089900841864 g d⁻¹,2.9555747555205025 kPa,0.27653809168060983 mol bar⁻¹ m⁻² s⁻¹,222.1735766203398 cm² g⁻¹,0.0045009852891230405 g cm⁻²,28 d,2022-10-04
2022-10-05T12:00:00.000+08:00,0.126,0.9029654654226891 cm²,0.2449348754248952 g d⁻¹,0.04322380154556974 g d⁻¹,0.17289520618227897 g d⁻¹,0.07203966924261623 g d⁻¹,0.09477956292081616 g,0.9616272093095117,0.001 g,10.0 % d⁻¹,1.7624517620421168e-5 g d⁻¹,0.0001776283631510145 g,0.000126 g,0.0 g,0.0 g,0.0 g,0.1982846207550083 g,0.7931384830200332 g,0.3304743679250138 g,1.123790479308198 g,1.3220751000632065 g,0.19067588650563352 g,0.7627035460225341 g,0.3177931441760558 g,1.080674318561741 g,1.2713502050673744 g,0.004514827327113446 g,54.99999999934089 m⁻²,170.91751044649808 cm²,164.35892859279528 cm²,0.9616272093095117,0.903974107249541,164.35892859279528 cm²,6.558581853702791 cm²,842.8295092628375 cm²,678.4705806700422 cm²,17,9,3,6,1,8,5,0.7,0.30000000000000004,0.9,0.09999999999999998,2.500353851149392,0.9723438077908965 g d⁻¹,vegetative,0.45,1.9830388728091672e-5 g d⁻¹,0.0009252990401721255 g,0.0 g d⁻¹,0.10571680128152133 g,0.10664210032169345 g,0.5034892204578902 g d⁻¹,0.9922130288076411,0.2 hr⁻¹,false,0.0 hr⁻¹,0.19844260576152822 hr⁻¹,0.039 d⁻¹,0.09183396764294025 g d⁻¹,0.41165525281494997 g d⁻¹,0.7,0.28815867697046493 g d⁻¹,0.0 g hr⁻¹,44.0098 g mol⁻¹,12.0107 g mol⁻¹,30.031 g mol⁻¹,18.01528 g mol⁻¹,0.3999433918284439,55.0 m⁻²,0.9 K⁻¹,-15.0 °C,true,6.98476727194665e-18 d⁻¹,0.9999999999880163,1.5 cm,0.0 MPa,0.0 mol m⁻² s⁻¹,0.6918431812071458,0.21213092604239514,1636.2195626383154 μmol m⁻² s⁻¹,589.709632970228 μmol m⁻² s⁻¹,20.610997273441836 μmol m⁻² s⁻¹,19.441260058119433 μmol m⁻² s⁻¹,4.3991679659039615 mmol m⁻² s⁻¹,0.9723438077908965 g d⁻¹,0.9171603189489044 g d⁻¹,124.49806849111167 g d⁻¹,2.0991586712146937 kPa,0.3202377276271946 mol bar⁻¹ m⁻² s⁻¹,215.49516774888482 cm² g⁻¹,0.004640475285113093 g cm⁻²,29 d,2022-10-05
2022-10-06T12:00:00.000+08:00,0.126,0.879832117899948 cm²,0.17353967116134678 g d⁻¹,0.03062464785200237 g d⁻¹,0.12249859140800948 g d⁻¹,0.051041079753337285 g d⁻¹,0.09100146416071452 g,0.9447968750663315,0.001 g,10.0 % d⁻¹,1.224561584079314e-5 g d⁻¹,0.000168352440243832 g,0.000126 g,0.0 g,0.0 g,0.0 g,0.2170148967189662 g,0.8680595868758648 g,0.36169149453161037 g,1.229919433847719 g,1.4469343305666853 g,0.20503499626292193 g,0.8201399850516877 g,0.3417249937715366 g,1.162033331263468 g,1.36706832752639 g,0.00439916058949974 g,54.99999999930743 m⁻²,186.21697021221232 cm²,175.93721154081834 cm²,0.9447968750663315,0.9676546634623159,175.93721154081834 cm²,10.27975867139396 cm²,926.595787945487 cm²,750.6585764046687 cm²,18,9,3,6,1,8,5,0.7,0.30000000000000004,0.9,0.09999999999999998,2.500353851149392,0.8520307897493862 g d⁻¹,vegetative,0.45,1.3778267727250406e-5 g d⁻¹,0.000935735930475898 g,0.0 g d⁻¹,0.10145540168803827 g,0.10239113761851416 g,0.35422370990163493 g d⁻¹,0.7273797649180073,0.2 hr⁻¹,false,0.0 hr⁻¹,0.14547595298360147 hr⁻¹,0.039 d⁻¹,0.06256039702542185 g d⁻¹,0.29166331287621305 g d⁻¹,0.7,0.20416431901334914 g d⁻¹,0.0 g hr⁻¹,44.0098 g mol⁻¹,12.0107 g mol⁻¹,30.031 g mol⁻¹,18.01528 g mol⁻¹,0.3999433918284439,55.0 m⁻²,0.9 K⁻¹,-15.0 °C,true,2.6181720800484654e-15 d⁻¹,0.9999999999874077,1.5 cm,0.0 MPa,0.0 mol m⁻² s⁻¹,0.7257897840667705,0.24186487939554535,668.2477101091505 μmol m⁻² s⁻¹,238.6308984373076 μmol m⁻² s⁻¹,18.060694317887773 μmol m⁻² s⁻¹,17.203255799055647 μmol m⁻² s⁻¹,1.6331901000241233 mmol m⁻² s⁻¹,0.8520307897493862 g d⁻¹,0.8115802951281182 g d⁻¹,46.21987941989198 g d⁻¹,0.6153734368607966 kPa,0.3610724850239901 mol bar⁻¹ m⁻² s⁻¹,214.52095343178544 cm² g⁻¹,0.004661549298576959 g cm⁻²,30 d,2022-10-06
2022-10-07T12:00:00.000+08:00,0.126,0.7510603551200541 cm²,0.12319095176918723 g d⁻¹,0.02173957972397422 g d⁻¹,0.08695831889589688 g d⁻¹,0.036232632873290364 g d⁻¹,0.07287881232421539 g,0.9309089544039518,0.001 g,10.0 % d⁻¹,1.1177325815233103e-5 g d⁻¹,0.00015988009951982093 g,0.000126 g,0.0 g,0.0 g,0.0 g,0.23664770253325168 g,0.9465908101330067 g,0.3944128375554195 g,1.3411635277879461 g,1.5778112303211977 g,0.22029746532732675 g,0.881189861309307 g,0.3671624422122113 g,1.2485121836210382 g,1.468809648948365 g,0.0037553017756002706 g,54.99999999927599 m⁻²,200.58844207749067 cm²,186.7295768798745 cm²,0.9309089544039518,1.0270126728257902,186.7295768798745 cm²,13.85886519761619 cm²,926.595787945487 cm²,739.8662110656126 cm²,18,9,3,6,1,8,5,0.7,0.30000000000000004,0.9,0.09999999999999998,2.500353851149392,0.3548086955279492 g d⁻¹,vegetative,0.45,1.2576271341451323e-5 g d⁻¹,0.0009452686628667867 g,0.0 g d⁻¹,0.08105499991505379 g,0.08200026857792057 g,0.2719972716730305 g d⁻¹,0.6991067586774556,0.2 hr⁻¹,false,0.0 hr⁻¹,0.13982135173549112 hr⁻¹,0.039 d⁻¹,0.0649536552542284 g d⁻¹,0.2070436164188021 g d⁻¹,0.7,0.14493053149316146 g d⁻¹,0.0 g hr⁻¹,44.0098 g mol⁻¹,12.0107 g mol⁻¹,30.031 g mol⁻¹,18.01528 g mol⁻¹,0.3999433918284439,55.0 m⁻²,0.9 K⁻¹,-15.0 °C,true,4.083997935980655e-15 d⁻¹,0.9999999999868362,1.5 cm,0.0 MPa,0.0 mol m⁻² s⁻¹,0.7557155549088358,0.27129711791695443,150.49528077841518 μmol m⁻² s⁻¹,53.28995842957178 μmol m⁻² s⁻¹,7.520962233231032 μmol m⁻² s⁻¹,6.649032193071437 μmol m⁻² s⁻¹,0.7766557981285178 mmol m⁻² s⁻¹,0.3548086955279492 g d⁻¹,0.3136745493180762 g d⁻¹,21.979644218851405 g d⁻¹,0.5043900145547148 kPa,0.19155859716045454 mol bar⁻¹ m⁻² s⁻¹,211.90617944970936 cm² g⁻¹,0.004719069555200607 g cm⁻²,31 d,2022-10-07
2022-10-08T12:00:00.000+08:00,0.126,0.7999123067201632 cm²,0.1241883646562892 g d⁻¹,0.021915593762874563 g d⁻¹,0.08766237505149825 g d⁻¹,0.03652598960479094 g d⁻¹,0.07576684596802795 g,0.9199096245148956,0.001 g,10.0 % d⁻¹,1.0317664429718453e-5 g d⁻¹,0.00015217968818936333 g,0.000126 g,0.0 g,0.0 g,0.0 g,0.24807756749164034 g,0.9923102699665614 g,0.41346261248606725 g,1.405925062140818 g,1.6540026296324584 g,0.22820894196180352 g,0.9128357678472141 g,0.3803482366030059 g,1.2933361841384095 g,1.521545126100213 g,0.003999561533600816 g,54.9999999992433 m⁻²,215.91591244144962 cm²,198.62312594080498 cm²,0.9199096245148956,1.0924271926593976,198.62312594080498 cm²,17.292786500644617 cm²,1012.5476484832924 cm²,813.9245225424875 cm²,19,10,3,7,1,9,5,0.7,0.30000000000000004,0.9,0.09999999999999998,2.500353851149392,0.45669133099580894 g d⁻¹,vegetative,0.45,1.1609015396271133e-5 g d⁻¹,0.0009539328517732816 g,0.0 g d⁻¹,0.08429583344574738 g,0.08524976629752067 g,0.27432921152559947 g d⁻¹,0.6779922177840032,0.2 hr⁻¹,false,0.0 hr⁻¹,0.13559844355680065 hr⁻¹,0.039 d⁻¹,0.06560927092679408 g d⁻¹,0.2087199405988054 g d⁻¹,0.7,0.14610395841916377 g d⁻¹,0.0 g hr⁻¹,44.0098 g mol⁻¹,12.0107 g mol⁻¹,30.031 g mol⁻¹,18.01528 g mol⁻¹,0.3999433918284439,55.0 m⁻²,0.9 K⁻¹,-15.0 °C,true,5.667093606710452e-15 d⁻¹,0.9999999999862418,1.5 cm,0.0 MPa,0.0 mol m⁻² s⁻¹,0.7871388363796054,0.30528835627979223,192.40577254457895 μmol m⁻² s⁻¹,67.50523784762184 μmol m⁻² s⁻¹,9.680592093580428 μmol m⁻² s⁻¹,8.77235009007325 μmol m⁻² s⁻¹,0.839167895600059 mmol m⁻² s⁻¹,0.45669133099580894 g d⁻¹,0.4138441326593504 g d⁻¹,23.748759527229282 g d⁻¹,0.45368979257821446 kPa,0.21732097241436024 mol bar⁻¹ m⁻² s⁻¹,217.58911398621876 cm² g⁻¹,0.004595818153215772 g cm⁻²,32 d,2022-10-08
2022-10-09T12:00:00.000+08:00,0.126,0.9337029193669928 cm²,0.10375289076346315 g d⁻¹,0.018309333664140556 g d⁻¹,0.07323733465656222 g d⁻¹,0.03051555610690093 g d⁻¹,0.06807443102167748 g,0.9141345494558789,0.001 g,10.0 % d⁻¹,9.627842489934456e-6 g d⁻¹,0.00014495360794535182 g,0.000126 g,0.0 g,0.0 g,0.0 g,0.25819380278489507 g,1.0327752111395803 g,0.430323004641492 g,1.4632431693890176 g,1.7214369721739127 g,0.2360238755810701 g,0.9440955023242804 g,0.39337312596845037 g,1.3376135819006763 g,1.5736374574817464 g,0.004668514596834964 g,54.99999999921086 m⁻²,230.8040730297748 cm²,210.98597731165495 cm²,0.9141345494558789,1.1604228751974526,210.98597731165495 cm²,19.818095718119856 cm²,1012.5476484832924 cm²,801.5616711716375 cm²,19,10,3,7,2,8,5,0.7,0.30000000000000004,0.9,0.09999999999999998,2.500353851149392,0.4468085248780279 g d⁻¹,vegetative,0.45,1.0832855871585315e-5 g d⁻¹,0.0009620633426783543 g,0.0 g d⁻¹,0.07563251125375636 g,0.07659457459643472 g,0.24112914440671682 g d⁻¹,0.6642016453680958,0.2 hr⁻¹,false,0.0 hr⁻¹,0.13284032907361917 hr⁻¹,0.039 d⁻¹,0.06675453808156864 g d⁻¹,0.17437460632514817 g d⁻¹,0.7,0.12206222442760371 g d⁻¹,0.0 g hr⁻¹,44.0098 g mol⁻¹,12.0107 g mol⁻¹,30.031 g mol⁻¹,18.01528 g mol⁻¹,0.3999433918284439,55.0 m⁻²,0.9 K⁻¹,-15.0 °C,true,7.008168483291575e-15 d⁻¹,0.9999999999856519,1.5 cm,0.0 MPa,0.0 mol m⁻² s⁻¹,0.8180157986485966,0.34240707654885594,175.76041419509806 μmol m⁻² s⁻¹,61.08431393482174 μmol m⁻² s⁻¹,9.471103959526907 μmol m⁻² s⁻¹,8.521722729451131 μmol m⁻² s⁻¹,0.8438924854723411 mmol m⁻² s⁻¹,0.4468085248780279 g d⁻¹,0.40202054358569356 g d⁻¹,23.882467155156586 g d⁻¹,0.44868446639006143 kPa,0.20658181505541076 mol bar⁻¹ m⁻² s⁻¹,223.4794857005737 cm² g⁻¹,0.004474683646533167 g cm⁻²,33 d,2022-10-09
2022-10-10T12:00:00.000+08:00,0.126,0.8618438350545095 cm²,0.07786102002276744 g d⁻¹,0.013740180004017786 g d⁻¹,0.05496072001607114 g d⁻¹,0.02290030000669631 g d⁻¹,0.05772533754499269 g,0.9194638864530792,0.001 g,10.0 % d⁻¹,8.983820935932807e-6 g d⁻¹,0.00013813880944196782 g,0.000126 g,0.0 g,0.0 g,0.0 g,0.2691895899929384 g,1.0767583599717536 g,0.44864931665489755 g,1.525545815436093 g,1.7947354054290314 g,0.24751010660761807 g,0.9900404264304723 g,0.4125168443460303 g,1.4026954095859445 g,1.6502055161935627 g,0.004309219175272547 g,54.99999999917689 m⁻²,246.07713043631932 cm²,226.25903471819947 cm²,0.9194638864530792,1.2444246909314736,226.25903471819947 cm²,19.818095718119856 cm²,1012.5476484832924 cm²,786.2886137650929 cm²,19,10,3,7,2,8,5,0.7,0.30000000000000004,0.9,0.09999999999999998,2.500353851149392,0.4356509026868372 g d⁻¹,vegetative,0.45,1.010822907383826e-5 g d⁻¹,0.0009697310761355889 g,0.0 g d⁻¹,0.0639804654416489 g,0.06495019651778448 g,0.1997257270992352 g d⁻¹,0.6503473551150674,0.2 hr⁻¹,false,0.0 hr⁻¹,0.13006947102301347 hr⁻¹,0.039 d⁻¹,0.0688668699181134 g d⁻¹,0.13085885718112178 g d⁻¹,0.7,0.09160120002678523 g d⁻¹,0.0 g hr⁻¹,44.0098 g mol⁻¹,12.0107 g mol⁻¹,30.031 g mol⁻¹,18.01528 g mol⁻¹,0.3999433918284439,55.0 m⁻²,0.9 K⁻¹,-15.0 °C,true,8.666598595097235e-15 d⁻¹,0.9999999999850344,1.5 cm,0.0 MPa,0.0 mol m⁻² s⁻¹,0.8542275047003296,0.39019718623114397,158.92451133952022 μmol m⁻² s⁻¹,54.593348124709685 μmol m⁻² s⁻¹,9.234593253413394 μmol m⁻² s⁻¹,8.23655191790618 μmol m⁻² s⁻¹,0.9358526532165558 mmol m⁻² s⁻¹,0.4356509026868372 g d⁻¹,0.38856733367617396 g d⁻¹,26.484973663457144 g d⁻¹,0.49533593828083367 kPa,0.1931329886171853 mol bar⁻¹ m⁻² s⁻¹,228.5351473312681 cm² g⁻¹,0.004375694555859594 g cm⁻²,34 d,2022-10-10
2022-10-11T12:00:00.000+08:00,0.126,0.7930987765839317 cm²,0.03844283813522081 g d⁻¹,0.006784030259156614 g d⁻¹,0.027136121036626455 g d⁻¹,0.011306717098594356 g d⁻¹,0.03922932189668248 g,0.9242092834451902,0.001 g,10.0 % d⁻¹,8.644737100274728e-6 g d⁻¹,0.0001318996648324338 g,0.000126 g,0.0 g,0.0 g,0.0 g,0.27514509710669843 g,1.1005803884267937 g,0.45857516184449754 g,1.5592874499361238 g,1.8344325470428222 g,0.25429165304043905 g,1.0171666121617562 g,0.42381942173406517 g,1.4411179335606539 g,1.695409586601093 g,0.003965493882919658 g,54.9999999991399 m⁻²,261.4844748668916 cm²,241.66637914877174 cm²,0.9242092834451902,1.329165085297459,241.66637914877174 cm²,19.818095718119856 cm²,1100.4632028196936 cm²,858.7968236709219 cm²,20,11,3,8,2,9,5,0.7,0.30000000000000004,0.9,0.09999999999999998,2.500353851149392,0.5519085333244736 g d⁻¹,vegetative,0.45,9.726705765380674e-6 g d⁻¹,0.0009767511072991358 g,0.0 g d⁻¹,0.04316248262975801 g,0.044139233737057144 g,0.135786236753262 g d⁻¹,0.6554025069932556,0.2 hr⁻¹,false,0.0 hr⁻¹,0.13108050139865113 hr⁻¹,0.039 d⁻¹,0.07117642476129427 g d⁻¹,0.06460981199196775 g d⁻¹,0.7,0.04522686839437742 g d⁻¹,0.0 g hr⁻¹,44.0098 g mol⁻¹,12.0107 g mol⁻¹,30.031 g mol⁻¹,18.01528 g mol⁻¹,0.3999433918284439,55.0 m⁻²,0.9 K⁻¹,-15.0 °C,true,8.021106620058745e-15 d⁻¹,0.9999999999843618,1.5 cm,0.0 MPa,0.0 mol m⁻² s⁻¹,0.8881570372342692,0.44100804806318983,200.64761312828728 μmol m⁻² s⁻¹,68.13169848855182 μmol m⁻² s⁻¹,11.698933221308412 μmol m⁻² s⁻¹,10.625083812070663 μmol m⁻² s⁻¹,1.0680273477350861 mmol m⁻² s⁻¹,0.5519085333244736 g d⁻¹,0.5012486448327369 g d⁻¹,30.225566043342987 g d⁻¹,0.4804967845280938 kPa,0.2149627914041543 mol bar⁻¹ m⁻² s⁻¹,237.58780150595473 cm² g⁻¹,0.004208970299238771 g cm⁻²,35 d,2022-10-11
2022-10-12T12:00:00.000+08:00,0.126,1.0695140856210188 cm²,0.2649702219715241 g d⁻¹,0.04675945093615131 g d⁻¹,0.18703780374460524 g d⁻¹,0.07793241822691885 g d⁻¹,0.125569045763552 g,0.9284580469715625,0.001 g,10.0 % d⁻¹,9.927785116561082e-6 g d⁻¹,0.0001254729930116467 g,0.000126 g,0.0 g,0.0 g,0.0 g,0.2851306337045382 g,1.1405225348181527 g,0.4752177228408971 g,1.6158657306520614 g,1.9009963643565997 g,0.26473183130107947 g,1.0589273252043179 g,0.4412197188351326 g,1.500272517032462 g,1.7650043483335414 g,0.005347570428105094 g,54.99999999911033 m⁻²,277.01362458251947 cm²,257.19552886439965 cm²,0.9284580469715625,1.4145754087313163,257.19552886439965 cm²,19.818095718119856 cm²,1100.4632028196936 cm²,843.267673955294 cm²,20,11,3,8,2,9,5,0.7,0.30000000000000004,0.9,0.09999999999999998,2.500353851149392,0.9763577546280309 g d⁻¹,vegetative,0.45,1.1170339087309702e-5 g d⁻¹,0.0009839821364358656 g,0.0 g d⁻¹,0.1403011890855873 g,0.14128517122202316 g,0.5328496684708911 g d⁻¹,0.7912288436157384,0.2 hr⁻¹,false,0.0 hr⁻¹,0.1582457687231477 hr⁻¹,0.039 d⁻¹,0.08752156431706909 g d⁻¹,0.445328104153822 g d⁻¹,0.7,0.3117296729076754 g d⁻¹,0.0 g hr⁻¹,44.0098 g mol⁻¹,12.0107 g mol⁻¹,30.031 g mol⁻¹,18.01528 g mol⁻¹,0.3999433918284439,55.0 m⁻²,0.9 K⁻¹,-15.0 °C,true,9.23371526310334e-16 d⁻¹,0.9999999999838242,1.5 cm,0.0 MPa,0.0 mol m⁻² s⁻¹,0.919816713668573,0.4947586950627433,451.2872993144456 μmol m⁻² s⁻¹,151.48205085645614 μmol m⁻² s⁻¹,20.696081835680697 μmol m⁻² s⁻¹,19.375248573246537 μmol m⁻² s⁻¹,2.2842093915440573 mmol m⁻² s⁻¹,0.9763577546280309 g d⁻¹,0.9140461630626693 g d⁻¹,64.64396437730676 g d⁻¹,0.7758824378693314 kPa,0.28878399297470997 mol bar⁻¹ m⁻² s⁻¹,242.88307869926226 cm² g⁻¹,0.004117207363128823 g cm⁻²,36 d,2022-10-12
2022-10-13T12:00:00.000+08:00,0.126,0.9101189884197098 cm²,0.10684928481791693 g d⁻¹,0.018855756144338282 g d⁻¹,0.07542302457735313 g d⁻¹,0.0314262602405638 g d⁻¹,0.07348964211924752 g,0.9327321525451272,0.001 g,10.0 % d⁻¹,7.914770041144722e-6 g d⁻¹,0.00011939386311378831 g,0.000126 g,0.0 g,0.0 g,0.0 g,0.30516374024460496 g,1.2206549609784199 g,0.5086062337410083 g,1.729380588582542 g,2.0345443288271468 g,0.28463603231707246 g,1.1385441292682899 g,0.4743933871951208 g,1.6130569103265244 g,1.897692942643597 g,0.004550594942098549 g,54.999999999078796 m⁻²,294.61468543965157 cm²,274.79658972153175 cm²,0.9327321525451272,1.5113812434431102,274.79658972153175 cm²,19.818095718119856 cm²,1100.4632028196936 cm²,825.6666130981619 cm²,20,11,3,8,2,9,5,0.7,0.30000000000000004,0.9,0.09999999999999998,2.500353851149392,0.41056485292694317 g d⁻¹,vegetative,0.45,8.905376589002118e-6 g d⁻¹,0.0009908221255691524 g,0.0 g d⁻¹,0.08169672723603384 g,0.082687549361603 g,0.2599574051089364 g d⁻¹,0.6629126350993058,0.2 hr⁻¹,false,0.0 hr⁻¹,0.13258252701986115 hr⁻¹,0.039 d⁻¹,0.08037877516285753 g d⁻¹,0.17957862994607887 g d⁻¹,0.7,0.1257050409622552 g d⁻¹,0.0 g hr⁻¹,44.0098 g mol⁻¹,12.0107 g mol⁻¹,30.031 g mol⁻¹,18.01528 g mol⁻¹,0.3999433918284439,55.0 m⁻²,0.9 K⁻¹,-15.0 °C,true,7.148313072197084e-15 d⁻¹,0.9999999999832508,1.5 cm,0.0 MPa,0.0 mol m⁻² s⁻¹,0.9531936576542894,0.5581875857888208,125.2297191681744 μmol m⁻² s⁻¹,41.49342128428496 μmol m⁻² s⁻¹,8.702838436780318 μmol m⁻² s⁻¹,7.463531380871974 μmol m⁻² s⁻¹,0.8201872288079597 mmol m⁻² s⁻¹,0.41056485292694317 g d⁻¹,0.35209933930900067 g d⁻¹,23.211599688754475 g d⁻¹,0.39250933031234775 kPa,0.17141495485834035 mol bar⁻¹ m⁻² s⁻¹,241.3578733203216 cm² g⁻¹,0.0041432251048750144 g cm⁻²,37 d,2022-10-13
2022-10-14T12:00:00.000+08:00,0.126,0.8657281744220491 cm²,0.1320246543523545 g d⁻¹,0.02329846841512138 g d⁻¹,0.09319387366048552 g d⁻¹,0.03883078069186897 g d⁻¹,0.08572944587375306 g,0.9366942435296626,0.001 g,10.0 % d⁻¹,7.598234256071144e-6 g d⁻¹,0.00011375482456054607 g,0.000126 g,0.0 g,0.0 g,0.0 g,0.3163379927692097 g,1.2653519710768388 g,0.527229987948683 g,1.7926957138500823 g,2.109033706619292 g,0.2963119768366468 g,1.1852479073465871 g,0.49385329472774475 g,1.6792149568988926 g,1.9755269337355394 g,0.004328640872110245 g,54.99999999904749 m⁻²,313.0536119160946 cm²,293.2355161979748 cm²,0.9366942435296626,1.6127953390609304,293.2355161979748 cm²,19.818095718119856 cm²,1190.126876373596 cm²,896.8913601756211 cm²,21,12,4,8,2,10,5,0.7,0.30000000000000004,0.9,0.09999999999999998,2.500353851149392,0.5917221649665533 g d⁻¹,vegetative,0.45,8.549223427846224e-6 g d⁻¹,0.0009971669418626734 g,0.0 g d⁻¹,0.09546211062444114 g,0.09645927756630382 g,0.30606602516833054 g d⁻¹,0.6679483077244762,0.2 hr⁻¹,false,0.0 hr⁻¹,0.13358966154489524 hr⁻¹,0.039 d⁻¹,0.08417584978622214 g d⁻¹,0.2218901753821084 g d⁻¹,0.7,0.15532312276747587 g d⁻¹,0.0 g hr⁻¹,44.0098 g mol⁻¹,12.0107 g mol⁻¹,30.031 g mol⁻¹,18.01528 g mol⁻¹,0.3999433918284439,55.0 m⁻²,0.9 K⁻¹,-15.0 °C,true,6.615903653145849e-15 d⁻¹,0.9999999999826816,1.5 cm,0.0 MPa,0.0 mol m⁻² s⁻¹,0.9852005256823786,0.6275948133785518,183.45872028381524 μmol m⁻² s⁻¹,59.97486070043039 μmol m⁻² s⁻¹,12.542872007797502 μmol m⁻² s⁻¹,11.212208789184155 μmol m⁻² s⁻¹,1.032992769403753 mmol m⁻² s⁻¹,0.5917221649665533 g d⁻¹,0.5289468356743656 g d⁻¹,29.23407461445068 g d⁻¹,0.3978716239319461 kPa,0.20296206846290799 mol bar⁻¹ m⁻² s⁻¹,247.40437370139787 cm² g⁻¹,0.004041965730189312 g cm⁻²,38 d,2022-10-14
2022-10-15T12:00:00.000+08:00,0.126,0.9908204382884027 cm²,0.11252152349707836 g d⁻¹,0.019856739440660885 g d⁻¹,0.07942695776264354 g d⁻¹,0.03309456573443481 g d⁻¹,0.08170634424632989 g,0.939631299216869,0.001 g,10.0 % d⁻¹,6.77158884594431e-6 g d⁻¹,0.00010856409233520945 g,0.000126 g,0.0 g,0.0 g,0.0 g,0.32806432936787694 g,1.3122573174715078 g,0.546773882279795 g,1.859139763843638 g,2.187204093211515 g,0.30825951203064905 g,1.2330380481225962 g,0.5137658533844152 g,1.7469124655993467 g,2.0551719776299957 g,0.0049541021914420134 g,54.99999999900223 m⁻²,328.28428409142947 cm²,308.4661883733096 cm²,0.939631299216869,1.696564036022425,308.4661883733096 cm²,19.818095718119856 cm²,1190.126876373596 cm²,881.6606880002863 cm²,21,12,3,9,2,10,5,0.7,0.30000000000000004,0.9,0.09999999999999998,2.500353851149392,0.1397928163595572 g d⁻¹,vegetative,0.45,7.619115712210705e-6 g d⁻¹,0.0010030073421521313 g,0.0 g d⁻¹,0.09092964028268988 g,0.091932647624842 g,0.27223946687763334 g d⁻¹,0.6237411192124113,0.2 hr⁻¹,false,0.0 hr⁻¹,0.12474822384248226 hr⁻¹,0.039 d⁻¹,0.08312766268086297 g d⁻¹,0.18911180419677037 g d⁻¹,0.7,0.13237826293773924 g d⁻¹,0.0 g hr⁻¹,44.0098 g mol⁻¹,12.0107 g mol⁻¹,30.031 g mol⁻¹,18.01528 g mol⁻¹,0.3999433918284439,55.0 m⁻²,0.9 K⁻¹,-15.0 °C,true,1.3005552672353922e-14 d⁻¹,0.9999999999818587,1.5 cm,0.0 MPa,0.0 mol m⁻² s⁻¹,1.008626533811496,0.6879375022109291,35.44709163416763 μmol m⁻² s⁻¹,11.462901762664224 μmol m⁻² s⁻¹,2.9632207597042335 μmol m⁻² s⁻¹,1.6275431162287106 μmol m⁻² s⁻¹,0.480466592083501 mmol m⁻² s⁻¹,0.1397928163595572 g d⁻¹,0.07678092670588972 g d⁻¹,13.597380948599342 g d⁻¹,0.30098590036065953 kPa,0.11089829924093494 mol bar⁻¹ m⁻² s⁻¹,250.1676155435554 cm² g⁻¹,0.003997319948176486 g cm⁻²,39 d,2022-10-15
2022-10-16T12:00:00.000+08:00,0.126,1.0033147728345526 cm²,0.05395304357918183 g d⁻¹,0.009521125337502675 g d⁻¹,0.0380845013500107 g d⁻¹,0.015868542229171126 g d⁻¹,0.05456708321443794 g,0.9427097824021763,0.001 g,10.0 % d⁻¹,6.208817015804397e-6 g d⁻¹,0.00010354168484289194 g,0.000126 g,0.0 g,0.0 g,0.0 g,0.33638781343501706 g,1.3455512537400682 g,0.5606463557250286 g,1.9063011511499397 g,2.2426889645849566 g,0.3171160824060688 g,1.2684643296242752 g,0.5285268040101149 g,1.797094675319233 g,2.114210757725302 g,0.005016573864172763 g,54.999999998967034 m⁻²,345.92460194936876 cm²,326.1065062312489 cm²,0.9427097824021763,1.7935857842381833,326.1065062312489 cm²,19.818095718119856 cm²,1281.3293199001027 cm²,955.2228136688539 cm²,22,12,3,9,2,10,5,0.7,0.30000000000000004,0.9,0.09999999999999998,2.500353851149392,0.04250981460452868 g d⁻¹,vegetative,0.45,6.98590779144678e-6 g d⁻¹,0.0010086583503140876 g,0.0 g d⁻¹,0.06038799914723008 g,0.061396657497544166 g,0.17381430277845486 g d⁻¹,0.599644194048541,0.2 hr⁻¹,false,0.0 hr⁻¹,0.1199288388097082 hr⁻¹,0.039 d⁻¹,0.0831369186117627 g d⁻¹,0.09067738416669216 g d⁻¹,0.7,0.0634741689166845 g d⁻¹,0.0 g hr⁻¹,44.0098 g mol⁻¹,12.0107 g mol⁻¹,30.031 g mol⁻¹,18.01528 g mol⁻¹,0.3999433918284439,55.0 m⁻²,0.9 K⁻¹,-15.0 °C,true,1.875905173096644e-14 d⁻¹,0.9999999999812188,1.5 cm,0.0 MPa,0.0 mol m⁻² s⁻¹,1.033891842081339,0.7596939421568443,10.028632060815244 μmol m⁻² s⁻¹,3.202616695379023 μmol m⁻² s⁻¹,0.9010904022653312 μmol m⁻² s⁻¹,-0.4756844186256082 μmol m⁻² s⁻¹,0.3378197163508665 mmol m⁻² s⁻¹,0.04250981460452868 g d⁻¹,-0.02244087429541098 g d⁻¹,9.560421995740217 g d⁻¹,0.22902016184278132 kPa,0.096 mol bar⁻¹ m⁻² s⁻¹,257.087644181404 cm² g⁻¹,0.0038897240790552673 g cm⁻²,40 d,2022-10-16
2022-10-17T12:00:00.000+08:00,0.126,1.0828100260409301 cm²,0.18491226914724532 g d⁻¹,0.03263157690833741 g d⁻¹,0.13052630763334963 g d⁻¹,0.05438596151389568 g d⁻¹,0.10696809645536805 g,0.9428720006203997,0.001 g,10.0 % d⁻¹,6.998716054172604e-6 g d⁻¹,9.871166148545751e-5 g,0.000126 g,0.0 g,0.0 g,0.0 g,0.3390147041583131 g,1.3560588166332523 g,0.5650245069305226 g,1.9211820352252604 g,2.2601967393835736 g,0.3196474723494816 g,1.2785898893979264 g,0.5327457872491368 g,1.8114343883085486 g,2.13108186065803 g,0.005414050130204651 g,54.99999999893326 m⁻²,366.41472278400715 cm²,345.48218272812596 cm²,0.9428720006203997,1.9001520049678389,345.48218272812596 cm²,20.932540055881095 cm²,1281.3293199001027 cm²,935.8471371719768 cm²,22,13,4,9,2,11,5,0.7,0.30000000000000004,0.9,0.09999999999999998,2.500353851149392,0.8355023636174833 g d⁻¹,vegetative,0.45,7.874669987618195e-6 g d⁻¹,0.0010140928956903939 g,0.0 g d⁻¹,0.11934204846934421 g,0.1203561413650346 g,0.40614829801844776 g d⁻¹,0.7090060028220349,0.2 hr⁻¹,false,0.0 hr⁻¹,0.14180120056440698 hr⁻¹,0.039 d⁻¹,0.09537137508190102 g d⁻¹,0.31077692293654674 g d⁻¹,0.7,0.21754384605558272 g d⁻¹,0.0 g hr⁻¹,44.0098 g mol⁻¹,12.0107 g mol⁻¹,30.031 g mol⁻¹,18.01528 g mol⁻¹,0.3999433918284439,55.0 m⁻²,0.9 K⁻¹,-15.0 °C,true,3.4982974067056373e-15 d⁻¹,0.9999999999806047,1.5 cm,0.0 MPa,0.0 mol m⁻² s⁻¹,1.0592109947154325,0.8409410102524064,249.81481977037373 μmol m⁻² s⁻¹,78.69209153907664 μmol m⁻² s⁻¹,17.7103374345238 μmol m⁻² s⁻¹,16.074505249755674 μmol m⁻² s⁻¹,1.5991494667210775 mmol m⁻² s⁻¹,0.8355023636174833 g d⁻¹,0.7583303920552108 g d⁻¹,45.25651700046666 g d⁻¹,0.4888598245391032 kPa,0.22343532492129178 mol bar⁻¹ m⁻² s⁻¹,270.2056269902225 cm² g⁻¹,0.003700885178220901 g cm⁻²,41 d,2022-10-17
2022-10-18T12:00:00.000+08:00,0.126,0.910135357543993 cm²,0.13562637620869009 g d⁻¹,0.023934066389768836 g d⁻¹,0.09573626555907534 g d⁻¹,0.03989011064961473 g d⁻¹,0.09311109672914002 g,0.9344093732329438,0.001 g,10.0 % d⁻¹,6.039122632744098e-6 g d⁻¹,9.413852502704782e-5 g,0.000126 g,0.0 g,0.0 g,0.0 g,0.3556961890775632 g,1.4227847563102527 g,0.5928269817959395 g,2.0157058766312193 g,2.371402065708782 g,0.3323658530973125 g,1.32946341238925 g,0.5539430884955217 g,1.8835006394097986 g,2.215866492507111 g,0.004550676787719965 g,54.99999999889792 m⁻²,383.1232643954161 cm²,357.99396935468013 cm²,0.9344093732329438,1.9689668314112871,357.99396935468013 cm²,25.129295040735926 cm²,1281.3293199001027 cm²,923.3353505454227 cm²,22,13,3,10,2,11,5,0.7,0.30000000000000004,0.9,0.09999999999999998,2.500353851149392,0.6791952871675375 g d⁻¹,vegetative,0.45,6.794974589555323e-6 g d⁻¹,0.0010192384024004214 g,0.0 g d⁻¹,0.10374557177875153 g,0.10476481018115195 g,0.3194605721622365 g d⁻¹,0.6415144735918628,0.2 hr⁻¹,false,0.0 hr⁻¹,0.12830289471837256 hr⁻¹,0.039 d⁻¹,0.09151708273586662 g d⁻¹,0.22794348942636988 g d⁻¹,0.7,0.15956044259845892 g d⁻¹,0.0 g hr⁻¹,44.0098 g mol⁻¹,12.0107 g mol⁻¹,30.031 g mol⁻¹,18.01528 g mol⁻¹,0.3999433918284439,55.0 m⁻²,0.9 K⁻¹,-15.0 °C,true,9.919240887296247e-15 d⁻¹,0.9999999999799621,1.5 cm,0.0 MPa,0.0 mol m⁻² s⁻¹,1.0722533433157013,0.8967134880955858,183.45703681925403 μmol m⁻² s⁻¹,57.300686552029326 μmol m⁻² s⁻¹,14.397060072441363 μmol m⁻² s⁻¹,12.82094496721852 μmol m⁻² s⁻¹,1.1917733535695518 mmol m⁻² s⁻¹,0.6791952871675375 g d⁻¹,0.6048405268126761 g d⁻¹,33.72762343919515 g d⁻¹,0.3862861558426204 kPa,0.19613599265263346 mol bar⁻¹ m⁻² s⁻¹,269.2770376518373 cm² g⁻¹,0.003713647508603959 g cm⁻²,42 d,2022-10-18
2022-10-19T12:00:00.000+08:00,0.126,1.089107344922875 cm²,0.13504146970375935 g d⁻¹,0.023830847594781063 g d⁻¹,0.09532339037912425 g d⁻¹,0.03971807932463511 g d⁻¹,0.09010662909289506 g,0.9269074508531485,0.001 g,10.0 % d⁻¹,6.041941777228453e-6 g d⁻¹,8.97795808266993e-5 g,0.000126 g,0.0 g,0.0 g,0.0 g,0.3670698338864825 g,1.46827933554593 g,0.6117830564774716 g,2.080152171604228 g,2.4472220054907106 g,0.3402397640128082 g,1.3609590560512328 g,0.567066273354681 g,1.9281151089867405 g,2.2683548729995486 g,0.0054455367246143745 g,54.99999999886583 m⁻²,400.94434410328273 cm²,371.6382999267614 cm²,0.9269074508531485,2.044010649555038,371.6382999267614 cm²,29.306044176521326 cm²,1373.8673268189013 cm²,1002.2290268921399 cm²,23,13,3,10,2,11,5,0.7,0.30000000000000004,0.9,0.09999999999999998,2.500353851149392,1.0037580963669697 g d⁻¹,vegetative,0.45,6.798146576001104e-6 g d⁻¹,0.0010241429087136504 g,0.0 g d⁻¹,0.10036016277121586 g,0.10138430567992951 g,0.3241914500201525 g d⁻¹,0.6729750486239358,0.2 hr⁻¹,false,0.0 hr⁻¹,0.13459500972478716 hr⁻¹,0.039 d⁻¹,0.09723099673652327 g d⁻¹,0.2269604532836292 g d⁻¹,0.7,0.15887231729854043 g d⁻¹,0.0 g hr⁻¹,44.0098 g mol⁻¹,12.0107 g mol⁻¹,30.031 g mol⁻¹,18.01528 g mol⁻¹,0.3999433918284439,55.0 m⁻²,0.9 K⁻¹,-15.0 °C,true,6.123148315642466e-15 d⁻¹,0.9999999999793787,1.5 cm,0.0 MPa,0.0 mol m⁻² s⁻¹,1.0855021873473354,0.9585084622077025,300.52549657540595 μmol m⁻² s⁻¹,93.0019754481197 μmol m⁻² s⁻¹,21.276893236188695 μmol m⁻² s⁻¹,19.583631027832062 μmol m⁻² s⁻¹,1.7220242543837023 mmol m⁻² s⁻¹,1.0037580963669697 g d⁻¹,0.9238768076824271 g d⁻¹,48.733918602131816 g d⁻¹,0.4480022605151251 kPa,0.24238463422875753 mol bar⁻¹ m⁻² s⁻¹,273.07088943958007 cm² g⁻¹,0.0036620527440778742 g cm⁻²,43 d,2022-10-19
2022-10-20T12:00:00.000+08:00,0.126,1.1680085357458596 cm²,0.2184832536105694 g d⁻¹,0.03855586828421812 g d⁻¹,0.15422347313687249 g d⁻¹,0.06425978047369688 g d⁻¹,0.12285833603592744 g,0.9206881193526928,0.001 g,10.0 % d⁻¹,6.145948807334014e-6 g d⁻¹,8.54972122212058e-5 g,0.000126 g,0.0 g,0.0 g,0.0 g,0.3821229231203638 g,1.528491692481455 g,0.6368715385339403 g,2.1654487282276165 g,2.5475716513479805 g,0.35181603544924134 g,1.4072641417969654 g,0.5863600590820696 g,1.993709698091256 g,2.3455257335404975 g,0.005840042678729298 g,54.99999999883656 m⁻²,422.898664370216 cm²,389.3577759757798 cm²,0.9206881193526928,2.1414677678214895,389.3577759757798 cm²,33.54088839443619 cm²,1373.8673268189013 cm²,984.5095508431216 cm²,23,14,4,10,2,12,5,0.7,0.30000000000000004,0.9,0.09999999999999998,2.500353851149392,1.1044066067099279 g d⁻¹,vegetative,0.45,6.915171046223077e-6 g d⁻¹,0.0010289612552893048 g,0.0 g d⁻¹,0.13720622988866749 g,0.1382351911439568 g,0.47342594297159024 g d⁻¹,0.7188478603761586,0.2 hr⁻¹,false,0.0 hr⁻¹,0.14376957207523172 hr⁻¹,0.039 d⁻¹,0.10622719740760808 g d⁻¹,0.36719874556398213 g d⁻¹,0.7,0.2570391218947875 g d⁻¹,0.0 g hr⁻¹,44.0098 g mol⁻¹,12.0107 g mol⁻¹,30.031 g mol⁻¹,18.01528 g mol⁻¹,0.3999433918284439,55.0 m⁻²,0.9 K⁻¹,-15.0 °C,true,2.9965942533770773e-15 d⁻¹,0.9999999999788465,1.5 cm,0.0 MPa,0.0 mol m⁻² s⁻¹,1.1022980592397211,1.0391697085817684,333.85258332382614 μmol m⁻² s⁻¹,102.06954517999063 μmol m⁻² s⁻¹,23.410363059931093 μmol m⁻² s⁻¹,21.554030304064582 μmol m⁻² s⁻¹,2.2372443031814258 mmol m⁻² s⁻¹,1.1044066067099279 g d⁻¹,1.0168323066197242 g d⁻¹,63.31483513477314 g d⁻¹,0.5652330142114917 kPa,0.24458766551692065 mol bar⁻¹ m⁻² s⁻¹,276.6771101540331 cm² g⁻¹,0.0036143213995667185 g cm⁻²,44 d,2022-10-20
2022-10-21T12:00:00.000+08:00,0.126,1.0809870904040055 cm²,0.48124948701265136 g d⁻¹,0.08492638006105611 g d⁻¹,0.33970552024422446 g d⁻¹,0.14154396676842687 g d⁻¹,0.21946032959726994 g,0.9143804149286328,0.001 g,10.0 % d⁻¹,6.413805254129618e-6 g d⁻¹,8.129717752255566e-5 g,0.000126 g,0.0 g,0.0 g,0.0 g,0.4059515766845196 g,1.6238063067380784 g,0.6765859611408669 g,2.3004735650564676 g,2.7064251417409873 g,0.3711941711297237 g,1.4847766845188948 g,0.6186569518828736 g,2.103514933579291 g,2.4747091047090146 g,0.005404935452020028 g,54.99999999880432 m⁻²,442.2807743538537 cm²,404.4128779686337 cm²,0.9143804149286328,2.224270828779131,404.4128779686337 cm²,37.867896385219964 cm²,1467.543755747672 cm²,1063.1308777790384 cm²,24,14,4,10,2,12,5,0.7,0.30000000000000004,0.9,0.09999999999999998,2.500353851149392,1.190320105298794 g d⁻¹,vegetative,0.45,7.216552200458338e-6 g d⁻¹,0.0010336869631094837 g,0.0 g d⁻¹,0.24589412916426245 g,0.24692781612737194 g,0.9311715495101751 g d⁻¹,0.7889333245733073,0.2 hr⁻¹,false,0.0 hr⁻¹,0.15778666491466148 hr⁻¹,0.039 d⁻¹,0.12234888226202147 g d⁻¹,0.8088226672481537 g d⁻¹,0.7,0.5661758670737075 g d⁻¹,0.0 g hr⁻¹,44.0098 g mol⁻¹,12.0107 g mol⁻¹,30.031 g mol⁻¹,18.01528 g mol⁻¹,0.3999433918284439,55.0 m⁻²,0.9 K⁻¹,-15.0 °C,true,9.598064733628665e-16 d⁻¹,0.9999999999782604,1.5 cm,0.0 MPa,0.0 mol m⁻² s⁻¹,1.1140522635952108,1.11021856518392,367.5098785947048 μmol m⁻² s⁻¹,111.23235211979366 μmol m⁻² s⁻¹,25.231491421060284 μmol m⁻² s⁻¹,23.190966687282902 μmol m⁻² s⁻¹,3.5753436999811457 mmol m⁻² s⁻¹,1.190320105298794 g d⁻¹,1.094056369816739 g d⁻¹,101.18353931784777 g d⁻¹,0.9544523386745325 kPa,0.23059523846747915 mol bar⁻¹ m⁻² s⁻¹,272.3728640039049 cm² g⁻¹,0.0036714376950035058 g cm⁻²,45 d,2022-10-21
2022-10-22T12:00:00.000+08:00,0.126,1.16089278182061 cm²,0.6360655110958015 g d⁻¹,0.11224685489925908 g d⁻¹,0.4489874195970363 g d⁻¹,0.18707809149876514 g d⁻¹,0.29499841588049774 g,0.914146974719409,0.001 g,10.0 % d⁻¹,5.831562373846199e-6 g d⁻¹,7.72352757464703e-5 g,0.000126 g,0.0 g,0.0 g,0.0 g,0.4510123946439096 g,1.8040495785756383 g,0.7516873244065171 g,2.555814138257902 g,3.0068265329018113 g,0.4122916161246861 g,1.6491664644987445 g,0.6871526935411445 g,2.3363963933156353 g,2.7486880094403214 g,0.00580446390910305 g,54.99999999876894 m⁻²,461.79215963984825 cm²,422.14590568390963 cm²,0.914146974719409,2.3218024812095344,422.14590568390963 cm²,39.64625395593857 cm²,1467.543755747672 cm²,1045.3978500637625 cm²,24,14,3,11,3,11,5,0.7,0.30000000000000004,0.9,0.09999999999999998,2.500353851149392,0.8681611846808258 g d⁻¹,vegetative,0.45,6.561436247848904e-6 g d⁻¹,0.001038257249396455 g,0.0 g d⁻¹,0.33088193410400124 g,0.3319201913533977 g,1.1991776255856457 g d⁻¹,0.75503872,0.2 hr⁻¹,false,0.0 hr⁻¹,0.15100774400000003 hr⁻¹,0.039 d⁻¹,0.1301599598784163 g d⁻¹,1.0690176657072294 g d⁻¹,0.7,0.7483123659950606 g d⁻¹,0.0 g hr⁻¹,44.0098 g mol⁻¹,12.0107 g mol⁻¹,30.031 g mol⁻¹,18.01528 g mol⁻¹,0.3999433918284439,55.0 m⁻²,0.9 K⁻¹,-15.0 °C,true,1.6799707707667466e-15 d⁻¹,0.9999999999776171,1.5 cm,0.0 MPa,0.0 mol m⁻² s⁻¹,1.1270983840817963,1.194704097127738,225.50893669282976 μmol m⁻² s⁻¹,67.44478858093507 μmol m⁻² s⁻¹,18.402614041253305 μmol m⁻² s⁻¹,16.317514097678753 μmol m⁻² s⁻¹,2.323075185485511 mmol m⁻² s⁻¹,0.8681611846808258 g d⁻¹,0.7697945703980038 g d⁻¹,65.74388061496869 g d⁻¹,0.6731863417963708 kPa,0.19497994668814897 mol bar⁻¹ m⁻² s⁻¹,255.97531527068656 cm² g⁻¹,0.003906626695400409 g cm⁻²,46 d,2022-10-22
2022-10-23T12:00:00.000+08:00,0.126,1.2027622334283774 cm²,0.24346652617338913 g d⁻¹,0.04296468108942161 g d⁻¹,0.17185872435768643 g d⁻¹,0.07160780181570268 g d⁻¹,0.13846057108439055 g,0.9183076031957949,0.001 g,10.0 % d⁻¹,5.425718449058931e-6 g d⁻¹,7.349121285497811e-5 g,0.000126 g,0.0 g,0.0 g,0.0 g,0.49024119241447134 g,1.9609647696578854 g,0.81706865402412 g,2.7781069148948605 g,3.2683481073093317 g,0.45019221439398166 g,1.8007688575759266 g,0.7503203573233038 g,2.5511627061120854 g,3.001354920506067 g,0.006013811167141887 g,54.999999998733145 m⁻²,485.3114305234553 cm²,445.6651765675167 cm²,0.9183076031957949,2.4511584710648826,445.6651765675167 cm²,39.64625395593857 cm²,1467.543755747672 cm²,1021.8785791801554 cm²,24,15,4,11,3,12,5,0.7,0.30000000000000004,0.9,0.09999999999999998,2.500353851149392,1.5078801779077406 g d⁻¹,vegetative,0.45,6.104797208710563e-6 g d⁻¹,0.001042469916327815 g,0.0 g d⁻¹,0.15474772004811221 g,0.15579018996444002 g,0.5483872329204977 g d⁻¹,0.73828125,0.2 hr⁻¹,false,0.0 hr⁻¹,0.14765625000000002 hr⁻¹,0.039 d⁻¹,0.1391997939736252 g d⁻¹,0.40918743894687254 g d⁻¹,0.7,0.28643120726281074 g d⁻¹,0.0 g hr⁻¹,44.0098 g mol⁻¹,12.0107 g mol⁻¹,30.031 g mol⁻¹,18.01528 g mol⁻¹,0.3999433918284439,55.0 m⁻²,0.9 K⁻¹,-15.0 °C,true,2.2007019879753617e-15 d⁻¹,0.9999999999769663,1.5 cm,0.0 MPa,0.0 mol m⁻² s⁻¹,1.1437248721268782,1.3074335989380044,483.60913840709054 μmol m⁻² s⁻¹,142.3493384292228 μmol m⁻² s⁻¹,31.962885952654275 μmol m⁻² s⁻¹,29.784190633531892 μmol m⁻² s⁻¹,2.9811843189619363 mmol m⁻² s⁻¹,1.5078801779077406 g d⁻¹,1.405098110910683 g d⁻¹,84.36861070263465 g d⁻¹,0.5847776749253286 kPa,0.2765187454739899 mol bar⁻¹ m⁻² s⁻¹,247.4860528004916 cm² g⁻¹,0.0040406317393818555 g cm⁻²,47 d,2022-10-23
2022-10-24T12:00:00.000+08:00,0.126,1.2747752506170897 cm²,0.44675232018501376 g d⁻¹,0.07883864473853185 g d⁻¹,0.3153545789541274 g d⁻¹,0.1313977412308864 g d⁻¹,0.19759153466754809 g,0.9216886710208981,0.001 g,10.0 % d⁻¹,6.095949682854746e-6 g d⁻¹,6.987334868278135e-5 g,0.000126 g,0.0 g,0.0 g,0.0 g,0.5152654786955971 g,2.0610619147823885 g,0.8587757978259963 g,2.9199075859570676 g,3.435173064652665 g,0.4749143542818918 g,1.8996574171275673 g,0.7915239238031541 g,2.6912512142794043 g,3.166165568561296 g,0.006373876253085449 g,54.999999998700915 m⁻²,506.2646040206849 cm²,466.61835006474627 cm²,0.9216886710208981,2.5664009252954867,466.61835006474627 cm²,39.64625395593857 cm²,1562.1674579236574 cm²,1095.5491078589112 cm²,25,15,4,11,3,12,5,0.7,0.30000000000000004,0.9,0.09999999999999998,2.500353851149392,1.3926203761004445 g d⁻¹,vegetative,0.45,6.858914069672451e-6 g d⁻¹,0.001046540589604964 g,0.0 g d⁻¹,0.22127539900763016 g,0.22232193959723512 g,0.9266253692425797 g d⁻¹,0.8724284434298123,0.2 hr⁻¹,false,0.0 hr⁻¹,0.17448568868596248 hr⁻¹,0.039 d⁻¹,0.1757811336375143 g d⁻¹,0.7508442356050653 g d⁻¹,0.7,0.5255909649235456 g d⁻¹,0.0 g hr⁻¹,44.0098 g mol⁻¹,12.0107 g mol⁻¹,30.031 g mol⁻¹,18.01528 g mol⁻¹,0.3999433918284439,55.0 m⁻²,0.9 K⁻¹,-15.0 °C,true,2.1294452246909797e-16 d⁻¹,0.9999999999763802,1.5 cm,0.0 MPa,0.0 mol m⁻² s⁻¹,1.1554801767858003,1.4109207485096864,416.5772096087481 μmol m⁻² s⁻¹,120.91985136470747 μmol m⁻² s⁻¹,29.519697193962575 μmol m⁻² s⁻¹,26.905955460514413 μmol m⁻² s⁻¹,4.603371605692775 mmol m⁻² s⁻¹,1.3926203761004445 g d⁻¹,1.2693145721165044 g d⁻¹,130.2771064674456 g d⁻¹,1.0892197729925093 kPa,0.22985074549762496 mol bar⁻¹ m⁻² s⁻¹,245.63289457228043 cm² g⁻¹,0.00407111597060848 g cm⁻²,48 d,2022-10-24
2022-10-25T12:00:00.000+08:00,0.126,1.3401745170677681 cm²,0.5203203961524461 g d⁻¹,0.09182124637984343 g d⁻¹,0.3672849855193737 g d⁻¹,0.15303541063307238 g d⁻¹,0.22113383008737675 g,0.9247256604276227,0.001 g,10.0 % d⁻¹,5.993170298322777e-6 g d⁻¹,6.634576302965543e-5 g,0.000126 g,0.0 g,0.0 g,0.0 g,0.5557633298515807 g,2.223053319406323 g,0.9262722164193024 g,3.149391881588655 g,3.7051552114402355 g,0.5139286122384578 g,2.055714448953831 g,0.8565476870640972 g,2.912328481780958 g,3.4262570940194155 g,0.006700872585338841 g,54.99999999866775 m⁻²,526.690160035455 cm²,487.0439060795165 cm²,0.9247256604276227,2.6787414833724545,487.0439060795165 cm²,39.64625395593857 cm²,1562.1674579236574 cm²,1075.1235518441408 cm²,25,15,3,12,3,12,5,0.7,0.30000000000000004,0.9,0.09999999999999998,2.500353851149392,2.2314097006822537 g d⁻¹,vegetative,0.45,6.743270896202478e-6 g d⁻¹,0.0010505096851728376 g,0.0 g d⁻¹,0.24776026097010168 g,0.24881077065527452 g,1.0742770861098712 g d⁻¹,0.9033237428656796,0.2 hr⁻¹,false,0.0 hr⁻¹,0.18066474857313594 hr⁻¹,0.039 d⁻¹,0.1997890253494575 g d⁻¹,0.8744880607604136 g d⁻¹,0.7,0.6121416425322895 g d⁻¹,0.0 g hr⁻¹,44.0098 g mol⁻¹,12.0107 g mol⁻¹,30.031 g mol⁻¹,18.01528 g mol⁻¹,0.3999433918284439,55.0 m⁻²,0.9 K⁻¹,-15.0 °C,true,1.1259886929755992e-16 d⁻¹,0.9999999999757773,1.5 cm,0.0 MPa,0.0 mol m⁻² s⁻¹,1.1647759527626378,1.5139655306098168,999.2527461469242 μmol m⁻² s⁻¹,286.1813691874846 μmol m⁻² s⁻¹,47.29970910250425 μmol m⁻² s⁻¹,44.424657687560554 μmol m⁻² s⁻¹,6.861923212988041 mmol m⁻² s⁻¹,2.2314097006822537 g d⁻¹,2.095776358765444 g d⁻¹,194.19494613142038 g d⁻¹,1.1605921398704597 kPa,0.3117810576422744 mol bar⁻¹ m⁻² s⁻¹,236.92196468598883 cm² g⁻¹,0.00422079903535064 g cm⁻²,49 d,2022-10-25
2022-10-26T12:00:00.000+08:00,0.126,1.380809856798269 cm²,0.6699743933835491 g d⁻¹,0.11823077530297926 g d⁻¹,0.47292310121191705 g d⁻¹,0.19705129217163211 g d⁻¹,0.26150326901462556 g,0.9281121432016577,0.001 g,10.0 % d⁻¹,6.23686194568758e-6 g d⁻¹,6.299668484791699e-5 g,0.000126 g,0.0 g,0.0 g,0.0 g,0.6041254745338684 g,2.416501898135474 g,1.006875790889782 g,3.423440685710104 g,4.027566160243973 g,0.5606961889323471 g,2.2427847557293883 g,0.9344936482205798 g,3.177341400634816 g,3.7380375895671634 g,0.006904049283991345 g,54.99999999863363 m⁻²,551.5014040153271 cm²,511.85515005938856 cm²,0.9281121432016577,2.8152033252566993,511.85515005938856 cm²,39.64625395593857 cm²,1657.5532091770328 cm²,1145.6980591176443 cm²,26,16,4,12,3,13,5,0.7,0.30000000000000004,0.9,0.09999999999999998,2.500353851149392,2.658835628931245 g d⁻¹,vegetative,0.45,7.017462803244163e-6 g d⁻¹,0.001054277931411117 g,0.0 g d⁻¹,0.2931785396645824 g,0.2942328175959935 g,1.3932268963604688 g d⁻¹,0.9900301834523922,0.2 hr⁻¹,false,0.0 hr⁻¹,0.19800603669047845 hr⁻¹,0.039 d⁻¹,0.26721951252257103 g d⁻¹,1.126007383837898 g d⁻¹,0.7,0.7882051686865285 g d⁻¹,0.0 g hr⁻¹,44.0098 g mol⁻¹,12.0107 g mol⁻¹,30.031 g mol⁻¹,18.01528 g mol⁻¹,0.3999433918284439,55.0 m⁻²,0.9 K⁻¹,-15.0 °C,true,7.994323072876108e-18 d⁻¹,0.999999999975157,1.5 cm,0.0 MPa,0.0 mol m⁻² s⁻¹,1.1752286648252233,1.639974660431476,1629.1524476811956 μmol m⁻² s⁻¹,459.0111950696115 μmol m⁻² s⁻¹,56.35995566448064 μmol m⁻² s⁻¹,52.84409655614759 μmol m⁻² s⁻¹,11.900447944090917 mmol m⁻² s⁻¹,2.658835628931245 g d⁻¹,2.492971561911943 g d⁻¹,336.7870458051377 g d⁻¹,2.0794146723608633 kPa,0.28840148503646235 mol bar⁻¹ m⁻² s⁻¹,228.22303778898538 cm² g⁻¹,0.004381678596902203 g cm⁻²,50 d,2022-10-26
2022-10-27T12:00:00.000+08:00,0.126,1.2330052940944922 cm²,0.8085449008175748 g d⁻¹,0.14268439426192495 g d⁻¹,0.5707375770476998 g d⁻¹,0.23780732376987493 g d⁻¹,0.31635480707914176 g,0.9311432542897017,0.001 g,10.0 % d⁻¹,5.6959326090228495e-6 g d⁻¹,5.966879601969352e-5 g,0.000126 g,0.0 g,0.0 g,0.0 g,0.6692254974527201 g,2.6769019898108803 g,1.1153758290878684 g,3.7923374876947684 g,4.461562985147489 g,0.6231448075517703 g,2.492579230207081 g,1.0385746792529518 g,3.5312135782560525 g,4.154358385807823 g,0.006165026470472461 g,54.9999999985992 m⁻²,575.778793304328 cm²,536.1325393483895 cm²,0.9311432542897017,2.9487289663410414,536.1325393483895 cm²,39.64625395593857 cm²,1657.5532091770328 cm²,1121.4206698286434 cm²,26,16,4,12,3,13,5,0.7,0.30000000000000004,0.9,0.09999999999999998,2.500353851149392,2.3426534699020887 g d⁻¹,vegetative,0.45,6.4088311656859584e-6 g d⁻¹,0.001058022336252648 g,0.0 g d⁻¹,0.35489150975822714 g,0.35594953209447977 g,1.6261268264344269 g d⁻¹,0.9545915099649276,0.2 hr⁻¹,false,0.0 hr⁻¹,0.19091830199298554 hr⁻¹,0.039 d⁻¹,0.26722783346371287 g d⁻¹,1.358898992970714 g d⁻¹,0.7,0.9512292950794997 g d⁻¹,0.0 g hr⁻¹,44.0098 g mol⁻¹,12.0107 g mol⁻¹,30.031 g mol⁻¹,18.01528 g mol⁻¹,0.3999433918284439,55.0 m⁻²,0.9 K⁻¹,-15.0 °C,true,3.1482494899676574e-17 d⁻¹,0.9999999999745309,1.5 cm,0.0 MPa,0.0 mol m⁻² s⁻¹,1.1830665114259626,1.7656624549150788,996.2604976704058 μmol m⁻² s⁻¹,276.2936069321765 μmol m⁻² s⁻¹,49.657769086655705 μmol m⁻² s⁻¹,46.32020413313471 μmol m⁻² s⁻¹,9.494749672414276 mmol m⁻² s⁻¹,2.3426534699020887 g d⁻¹,2.1852006027435706 g d⁻¹,268.70490151772015 g d⁻¹,1.7312597613556733 kPa,0.2666219208690161 mol bar⁻¹ m⁻² s⁻¹,215.09147346295111 cm² g⁻¹,0.004649184758001331 g cm⁻²,51 d,2022-10-27
2022-10-28T12:00:00.000+08:00,0.126,1.2654707243068257 cm²,0.5382285627975798 g d⁻¹,0.09498151108192585 g d⁻¹,0.3799260443277034 g d⁻¹,0.15830251846987642 g d⁻¹,0.2833955592077873 g,0.9323634797336479,0.001 g,10.0 % d⁻¹,4.129348778631634e-6 g d⁻¹,5.658066382107153e-5 g,0.000126 g,0.0 g,0.0 g,0.0 g,0.7315664982834608 g,2.926265993133843 g,1.2192774971391032 g,4.1456000709367675 g,4.877166569220228 g,0.6820858859961272 g,2.7283435439845087 g,1.136809809993547 g,3.865209934641877 g,4.547295820638004 g,0.006327353621534129 g,54.99999999856453 m⁻²,597.6243073257874 cm²,557.2030787516821 cm²,0.9323634797336479,3.064616933054267,557.2030787516821 cm²,40.42122857410526 cm²,1657.5532091770328 cm²,1100.3501304253507 cm²,26,16,3,13,3,13,5,0.7,0.30000000000000004,0.9,0.09999999999999998,2.500353851149392,0.7198547492327243 g d⁻¹,vegetative,0.45,4.64617490462579e-6 g d⁻¹,0.0010614969767087051 g,0.0 g d⁻¹,0.3178036330620132 g,0.3188651300387219 g,1.1133036245847008 g d⁻¹,0.7298162481249999,0.2 hr⁻¹,false,0.0 hr⁻¹,0.14596324962499999 hr⁻¹,0.039 d⁻¹,0.20871780475683552 g d⁻¹,0.9045858198278652 g d⁻¹,0.7,0.6332100738795057 g d⁻¹,0.0 g hr⁻¹,44.0098 g mol⁻¹,12.0107 g mol⁻¹,30.031 g mol⁻¹,18.01528 g mol⁻¹,0.3999433918284439,55.0 m⁻²,0.9 K⁻¹,-15.0 °C,true,2.51878437663286e-15 d⁻¹,0.9999999999739007,1.5 cm,0.0 MPa,0.0 mol m⁻² s⁻¹,1.1872066041693106,1.8774103288849566,149.37937015640915 μmol m⁻² s⁻¹,40.874785286897904 μmol m⁻² s⁻¹,15.2589281225629 μmol m⁻² s⁻¹,12.57116663732235 μmol m⁻² s⁻¹,2.222363771067361 mmol m⁻² s⁻¹,0.7198547492327243 g d⁻¹,0.5930569915911318 g d⁻¹,62.893710613198095 g d⁻¹,0.5910751600380478 kPa,0.15455752381782137 mol bar⁻¹ m⁻² s⁻¹,204.22760908545095 cm² g⁻¹,0.004896497611062908 g cm⁻²,52 d,2022-10-28
2022-10-29T12:00:00.000+08:00,0.126,1.422763230234433 cm²,0.12976505945792166 g d⁻¹,0.02289971637492735 g d⁻¹,0.0915988654997094 g d⁻¹,0.038166193958212254 g d⁻¹,0.12076313925648154 g,0.9268516553602012,0.001 g,10.0 % d⁻¹,3.4451590124411166e-6 g d⁻¹,5.3812325318829905e-5 g,0.000126 g,0.0 g,0.0 g,0.0 g,0.769954506046369 g,3.079818024185476 g,1.2832575100772838 g,4.363129346588078 g,5.133083852634447 g,0.7136336084811231 g,2.8545344339244925 g,1.1893893474685406 g,4.043977593718352 g,4.757611202199475 g,0.007113816151172165 g,54.99999999852945 m⁻²,623.167911208544 cm²,577.5842100709979 cm²,0.9268516553602012,3.1767131553055514,577.5842100709979 cm²,45.583701137545965 cm²,1753.52164612053 cm²,1175.9374360495322 cm²,27,17,4,13,3,14,5,0.7,0.30000000000000004,0.9,0.09999999999999998,2.500353851149392,0.577147832360884 g d⁻¹,vegetative,0.45,3.876352472060632e-6 g d⁻¹,0.0010646117983346194 g,0.0 g d⁻¹,0.13481314934424066 g,0.13587776114257527 g,0.414286712531735 g d⁻¹,0.6402174579948126,0.2 hr⁻¹,false,0.0 hr⁻¹,0.12804349159896253 hr⁻¹,0.039 d⁻¹,0.19619417562766497 g d⁻¹,0.21809253690407002 g d⁻¹,0.7,0.15266477583284901 g d⁻¹,0.0 g hr⁻¹,44.0098 g mol⁻¹,12.0107 g mol⁻¹,30.031 g mol⁻¹,18.01528 g mol⁻¹,0.3999433918284439,55.0 m⁻²,0.9 K⁻¹,-15.0 °C,true,1.0117599123077762e-14 d⁻¹,0.9999999999732627,1.5 cm,0.0 MPa,0.0 mol m⁻² s⁻¹,1.1895989955876365,1.987114159717915,112.01736479462457 μmol m⁻² s⁻¹,30.26095951612716 μmol m⁻² s⁻¹,12.233936498257314 μmol m⁻² s⁻¹,9.698146601445258 μmol m⁻² s⁻¹,1.4766818891553823 mmol m⁻² s⁻¹,0.577147832360884 g d⁻¹,0.4575194819541132 g d⁻¹,41.79063959440934 g d⁻¹,0.3982867194613513 kPa,0.1421146834627854 mol bar⁻¹ m⁻² s⁻¹,202.339198717221 cm² g⁻¹,0.004942196106042455 g cm⁻²,53 d,2022-10-29
2022-10-30T12:00:00.000+08:00,0.126,1.2965306362821312 cm²,0.13160910643575865 g d⁻¹,0.02322513642983976 g d⁻¹,0.09290054571935905 g d⁻¹,0.0387085607163996 g d⁻¹,0.12203975862614289 g,0.9218423150794737,0.001 g,10.0 % d⁻¹,3.2712464876700538e-6 g d⁻¹,5.129907721976005e-5 g,0.000126 g,0.0 g,0.0 g,0.0 g,0.7750551255486661 g,3.1002205021946643 g,1.291758542581112 g,4.392030343852996 g,5.167085469401662 g,0.7144786112499945 g,2.857914444999978 g,1.190797685416659 g,4.048763429493857 g,4.763242040743851 g,0.006482653181410656 g,54.99999999849659 m⁻²,645.7317572466895 cm²,595.262858020625 cm²,0.9218423150794737,3.2739457190239456,595.262858020625 cm²,50.468899226064615 cm²,1753.52164612053 cm²,1158.258788099905 cm²,27,17,4,13,3,14,5,0.7,0.30000000000000004,0.9,0.09999999999999998,2.500353851149392,0.5850150470902193 g d⁻¹,vegetative,0.45,3.6806731890771336e-6 g d⁻¹,0.0010674396026381504 g,0.0 g d⁻¹,0.13624672161076024 g,0.13731416121339837 g,0.41703356895854315 g d⁻¹,0.6376813511978715,0.2 hr⁻¹,false,0.0 hr⁻¹,0.1275362702395743 hr⁻¹,0.039 d⁻¹,0.1958417934362597 g d⁻¹,0.22119177552228345 g d⁻¹,0.7,0.1548342428655984 g d⁻¹,0.0 g hr⁻¹,44.0098 g mol⁻¹,12.0107 g mol⁻¹,30.031 g mol⁻¹,18.01528 g mol⁻¹,0.3999433918284439,55.0 m⁻²,0.9 K⁻¹,-15.0 °C,true,1.0516825412652692e-14 d⁻¹,0.9999999999726653,1.5 cm,0.0 MPa,0.0 mol m⁻² s⁻¹,1.1896041887600268,2.0843415302639188,112.08060889185228 μmol m⁻² s⁻¹,29.951032573546094 μmol m⁻² s⁻¹,12.400699674026095 μmol m⁻² s⁻¹,9.793453018577347 μmol m⁻² s⁻¹,1.4787828399561247 mmol m⁻² s⁻¹,0.5850150470902193 g d⁻¹,0.46201565471658257 g d⁻¹,41.85009727341328 g d⁻¹,0.3884173612784883 kPa,0.1413526815115563 mol bar⁻¹ m⁻² s⁻¹,208.28575154237328 cm² g⁻¹,0.004801096534904173 g cm⁻²,54 d,2022-10-30
